-- MySQL dump 10.13  Distrib 8.0.16, for Win64 (x86_64)
--
-- Host: localhost    Database: news
-- ------------------------------------------------------
-- Server version	8.0.16

/*!40101 SET @OLD_CHARACTER_SET_CLIENT=@@CHARACTER_SET_CLIENT */;
/*!40101 SET @OLD_CHARACTER_SET_RESULTS=@@CHARACTER_SET_RESULTS */;
/*!40101 SET @OLD_COLLATION_CONNECTION=@@COLLATION_CONNECTION */;
 SET NAMES utf8 ;
/*!40103 SET @OLD_TIME_ZONE=@@TIME_ZONE */;
/*!40103 SET TIME_ZONE='+00:00' */;
/*!40014 SET @OLD_UNIQUE_CHECKS=@@UNIQUE_CHECKS, UNIQUE_CHECKS=0 */;
/*!40014 SET @OLD_FOREIGN_KEY_CHECKS=@@FOREIGN_KEY_CHECKS, FOREIGN_KEY_CHECKS=0 */;
/*!40101 SET @OLD_SQL_MODE=@@SQL_MODE, SQL_MODE='NO_AUTO_VALUE_ON_ZERO' */;
/*!40111 SET @OLD_SQL_NOTES=@@SQL_NOTES, SQL_NOTES=0 */;

--
-- Table structure for table `categories`
--

DROP TABLE IF EXISTS `categories`;
/*!40101 SET @saved_cs_client     = @@character_set_client */;
 SET character_set_client = utf8mb4 ;
CREATE TABLE `categories` (
  `id` int(11) NOT NULL AUTO_INCREMENT,
  `name` varchar(255) CHARACTER SET utf8 COLLATE utf8_general_ci NOT NULL,
  `parent_category_id` int(11) DEFAULT NULL,
  PRIMARY KEY (`id`),
  KEY `category_ibfk1` (`parent_category_id`),
  CONSTRAINT `category_ibfk1` FOREIGN KEY (`parent_category_id`) REFERENCES `categories` (`id`)
) ENGINE=InnoDB AUTO_INCREMENT=22 DEFAULT CHARSET=utf8mb4 COLLATE=utf8mb4_0900_ai_ci;
/*!40101 SET character_set_client = @saved_cs_client */;

--
-- Dumping data for table `categories`
--

LOCK TABLES `categories` WRITE;
/*!40000 ALTER TABLE `categories` DISABLE KEYS */;
INSERT INTO `categories` VALUES (1,'Xã hội',NULL),(2,'Thời sự',1),(3,'Giao thông',1),(4,'Môi trường - Khí hậu',1),(5,'Pháp luật',1),(6,'Thế giới',NULL),(7,'Văn hóa',NULL),(8,'Nghệ thuật',7),(9,'Ẩm thực',7),(10,'Du lịch',7),(11,'Kinh tế',NULL),(12,'Kinh doanh',11),(13,'Lao động - Việc làm',11),(14,'Chứng khoán',11),(15,'Tài chính',11),(16,'Giáo dục',NULL),(17,'Học bổng - Du học',16),(18,'Đào tạo - Thi cử',16),(19,'Thể thao',NULL),(20,'Bóng đá quốc tế',19),(21,'Bóng đá việt nam',19);
/*!40000 ALTER TABLE `categories` ENABLE KEYS */;
UNLOCK TABLES;

--
-- Table structure for table `censors`
--

DROP TABLE IF EXISTS `censors`;
/*!40101 SET @saved_cs_client     = @@character_set_client */;
 SET character_set_client = utf8mb4 ;
CREATE TABLE `censors` (
  `news_id` int(11) NOT NULL,
  `user_id` int(11) NOT NULL,
  `is_public` tinyint(1) NOT NULL DEFAULT '0',
  `date_censor` timestamp NOT NULL,
  `date_public` timestamp NOT NULL,
  PRIMARY KEY (`news_id`,`user_id`),
  KEY `censor_ibfk2` (`user_id`),
  CONSTRAINT `censor_ibfk1` FOREIGN KEY (`news_id`) REFERENCES `news` (`id`),
  CONSTRAINT `censor_ibfk2` FOREIGN KEY (`user_id`) REFERENCES `users` (`id`)
) ENGINE=InnoDB DEFAULT CHARSET=utf8mb4 COLLATE=utf8mb4_0900_ai_ci;
/*!40101 SET character_set_client = @saved_cs_client */;

--
-- Dumping data for table `censors`
--

LOCK TABLES `censors` WRITE;
/*!40000 ALTER TABLE `censors` DISABLE KEYS */;
INSERT INTO `censors` VALUES (1,1,1,'2019-06-18 01:05:15','2019-06-17 18:19:23'),(2,1,0,'2019-06-18 16:45:52','2019-06-17 18:19:29'),(4,1,1,'2019-06-17 18:19:31','2019-06-17 18:19:31'),(8,1,1,'2019-06-17 18:19:33','2019-06-17 18:19:33'),(9,1,1,'2019-06-17 18:19:34','2019-06-17 18:19:34'),(10,1,1,'2019-06-17 18:19:35','2019-06-17 18:19:35'),(11,1,1,'2019-06-17 18:19:37','2019-06-17 18:19:37'),(12,1,1,'2019-06-17 18:19:38','2019-06-17 18:19:38'),(13,1,0,'2019-06-18 16:47:16','2019-06-17 18:19:39'),(14,1,1,'2019-06-17 18:19:40','2019-06-17 18:19:40'),(15,1,1,'2019-06-17 18:19:41','2019-06-17 18:19:41'),(16,1,1,'2019-06-17 18:19:42','2019-06-17 18:19:42'),(19,1,1,'2019-06-17 18:19:42','2019-06-17 18:19:42'),(20,1,1,'2019-06-17 18:19:44','2019-06-17 18:19:44'),(21,1,1,'2019-06-17 18:19:45','2019-06-17 18:19:45'),(22,1,1,'2019-06-17 18:19:46','2019-06-17 18:19:46'),(23,1,1,'2019-06-17 18:19:48','2019-06-17 18:19:48'),(24,1,1,'2019-06-17 18:19:48','2019-06-17 18:19:48'),(25,1,1,'2019-06-17 18:19:50','2019-06-17 18:19:50'),(26,1,1,'2019-06-17 18:19:51','2019-06-17 18:19:51'),(27,1,1,'2019-06-17 18:19:52','2019-06-17 18:19:52'),(28,1,1,'2019-06-17 18:19:54','2019-06-17 18:19:54'),(31,1,1,'2019-06-17 18:19:54','2019-06-17 18:19:54'),(32,1,1,'2019-06-17 18:19:55','2019-06-17 18:19:55'),(33,1,1,'2019-06-17 18:19:57','2019-06-17 18:19:57'),(34,1,1,'2019-06-17 18:19:58','2019-06-17 18:19:58'),(35,1,1,'2019-06-17 18:19:59','2019-06-17 18:19:59'),(36,1,1,'2019-06-17 18:20:01','2019-06-17 18:20:01'),(37,1,1,'2019-06-17 18:20:01','2019-06-17 18:20:01'),(38,1,1,'2019-06-17 18:20:02','2019-06-17 18:20:02'),(39,1,1,'2019-06-17 18:20:03','2019-06-17 18:20:03'),(40,1,1,'2019-06-17 18:20:04','2019-06-17 18:20:04'),(41,1,1,'2019-06-17 18:20:06','2019-06-17 18:20:06'),(42,1,1,'2019-06-17 18:20:05','2019-06-17 18:20:05'),(43,1,1,'2019-06-17 18:20:07','2019-06-17 18:20:07'),(44,1,1,'2019-06-17 18:20:08','2019-06-17 18:20:08'),(45,1,1,'2019-06-17 18:20:09','2019-06-17 18:20:09'),(46,1,1,'2019-06-17 18:20:10','2019-06-17 18:20:10'),(47,1,1,'2019-06-17 18:20:13','2019-06-17 18:20:13'),(48,1,1,'2019-06-17 18:20:13','2019-06-17 18:20:13'),(49,1,1,'2019-06-18 13:57:41','2019-06-18 13:57:41'),(50,1,1,'2019-06-18 13:57:41','2019-06-18 13:57:41'),(51,1,0,'2019-06-18 16:43:50','2019-06-18 13:57:37'),(52,1,1,'2019-06-18 13:57:36','2019-06-18 13:57:36'),(53,1,1,'2019-06-18 13:57:36','2019-06-18 13:57:36'),(54,1,1,'2019-06-18 13:57:33','2019-06-18 13:57:33'),(55,1,1,'2019-06-18 13:57:32','2019-06-18 13:57:32'),(56,1,1,'2019-06-18 13:57:31','2019-06-18 13:57:31'),(57,1,1,'2019-06-18 13:57:31','2019-06-18 13:57:31'),(58,1,1,'2019-06-18 13:57:30','2019-06-18 13:57:30'),(59,1,1,'2019-06-18 16:38:10','2019-06-18 16:38:10'),(60,1,1,'2019-06-18 16:38:11','2019-06-18 16:38:11'),(61,1,1,'2019-06-18 16:38:13','2019-06-18 16:38:13'),(62,1,1,'2019-06-18 16:38:13','2019-06-18 16:38:13'),(63,1,1,'2019-06-18 16:38:14','2019-06-18 16:38:14'),(64,1,1,'2019-06-18 16:38:16','2019-06-18 16:38:16'),(65,1,1,'2019-06-18 16:38:19','2019-06-18 16:38:19'),(66,1,1,'2019-06-18 16:38:18','2019-06-18 16:38:18'),(67,1,1,'2019-06-18 16:38:21','2019-06-18 16:38:21'),(68,1,1,'2019-06-18 16:38:22','2019-06-18 16:38:22'),(69,1,1,'2019-06-18 16:38:23','2019-06-18 16:38:23'),(70,1,1,'2019-06-18 16:38:27','2019-06-18 16:38:27'),(71,1,0,'2019-06-18 16:44:09','2019-06-18 16:38:27'),(72,1,1,'2019-06-18 16:38:30','2019-06-18 16:38:30'),(73,1,1,'2019-06-18 16:38:30','2019-06-18 16:38:30'),(74,1,1,'2019-06-18 16:38:31','2019-06-18 16:38:31'),(75,1,1,'2019-06-18 17:31:58','2019-06-18 17:31:58'),(76,1,1,'2019-06-18 17:32:02','2019-06-18 17:32:02'),(77,1,1,'2019-06-18 17:32:00','2019-06-18 17:32:00'),(78,1,1,'2019-06-18 17:58:44','2019-06-18 17:58:44'),(79,1,1,'2019-06-18 17:58:44','2019-06-18 17:58:44'),(80,1,1,'2019-06-18 17:58:43','2019-06-18 17:58:43'),(81,1,1,'2019-06-18 18:01:23','2019-06-18 18:01:23'),(82,1,1,'2019-06-18 18:08:03','2019-06-18 18:08:03'),(83,1,1,'2019-06-18 18:08:03','2019-06-18 18:08:03'),(84,1,1,'2019-06-18 18:11:59','2019-06-18 18:11:59'),(85,1,1,'2019-06-18 18:14:36','2019-06-18 18:14:36'),(86,1,1,'2019-06-19 02:02:11','2019-06-19 02:02:11');
/*!40000 ALTER TABLE `censors` ENABLE KEYS */;
UNLOCK TABLES;

--
-- Table structure for table `comments`
--

DROP TABLE IF EXISTS `comments`;
/*!40101 SET @saved_cs_client     = @@character_set_client */;
 SET character_set_client = utf8mb4 ;
CREATE TABLE `comments` (
  `id` int(11) NOT NULL AUTO_INCREMENT,
  `news_id` int(11) NOT NULL,
  `message` text,
  `user_id` int(11) NOT NULL,
  `date_post` datetime DEFAULT NULL,
  PRIMARY KEY (`id`),
  KEY `comment_ibfk1` (`user_id`),
  KEY `comment_ibfk2` (`news_id`),
  CONSTRAINT `comment_ibfk1` FOREIGN KEY (`user_id`) REFERENCES `users` (`id`),
  CONSTRAINT `comment_ibfk2` FOREIGN KEY (`news_id`) REFERENCES `news` (`id`)
) ENGINE=InnoDB DEFAULT CHARSET=utf8mb4 COLLATE=utf8mb4_0900_ai_ci;
/*!40101 SET character_set_client = @saved_cs_client */;

--
-- Dumping data for table `comments`
--

LOCK TABLES `comments` WRITE;
/*!40000 ALTER TABLE `comments` DISABLE KEYS */;
/*!40000 ALTER TABLE `comments` ENABLE KEYS */;
UNLOCK TABLES;

--
-- Table structure for table `news`
--

DROP TABLE IF EXISTS `news`;
/*!40101 SET @saved_cs_client     = @@character_set_client */;
 SET character_set_client = utf8mb4 ;
CREATE TABLE `news` (
  `id` int(11) NOT NULL AUTO_INCREMENT,
  `title` varchar(255) CHARACTER SET utf8 COLLATE utf8_general_ci DEFAULT NULL,
  `avatar` varchar(255) CHARACTER SET utf8 COLLATE utf8_general_ci DEFAULT NULL,
  `summary` text,
  `content` longtext,
  `user_id` int(11) NOT NULL,
  `date_post` datetime DEFAULT NULL,
  `category_id` int(11) NOT NULL,
  `views` int(11) NOT NULL DEFAULT '0',
  `is_premium` tinyint(1) NOT NULL DEFAULT '0',
  PRIMARY KEY (`id`),
  KEY `news_ibfk1` (`user_id`),
  KEY `news_ibfk2` (`category_id`),
  CONSTRAINT `news_ibfk1` FOREIGN KEY (`user_id`) REFERENCES `users` (`id`),
  CONSTRAINT `news_ibfk2` FOREIGN KEY (`category_id`) REFERENCES `categories` (`id`)
) ENGINE=InnoDB AUTO_INCREMENT=87 DEFAULT CHARSET=utf8mb4 COLLATE=utf8mb4_0900_ai_ci;
/*!40101 SET character_set_client = @saved_cs_client */;

--
-- Dumping data for table `news`
--

LOCK TABLES `news` WRITE;
/*!40000 ALTER TABLE `news` DISABLE KEYS */;
INSERT INTO `news` VALUES (1,'Thợ sửa xe của Công ty Than Hà Tu tử vong do chính bánh xe chèn qua','img/news-079767091.jpeg','Vụ tai nạn đã khiến một công nhân là thợ sửa xe của Công ty Than Hà Tu tử vong vào chiều 15/6.','<h2><strong>Vụ tai nạn đã khiến một công nhân là thợ sửa xe của Công ty Than Hà Tu tử vong vào chiều 15/6.</strong></h2><p class=\"ql-align-center\"><img src=\"https://cdn.baogiaothong.vn/upload/images/2019-2/article_img/2019-06-16/735492dd-19de-4cac-8299-88bbb58e2509-1560679074-width720height540.jpeg\" alt=\"Keyword đầu tiên có dấu\"></p><p class=\"ql-align-center\"><em><span class=\"ql-cursor\">﻿</span>Hiện trường vụ tai nạn khiến công nhân sửa xe của Công ty than Hà Tu tử vong</em></p><p class=\"ql-align-justify\">Ngày 15/6, lãnh đạo Sở Lao Động và thương binh xã hội tỉnh Quảng Ninh cho biết, khoảng 15h cùng ngày, tại phân xưởng sửa chữa ô tô Công ty Than Hà Tu đã xảy ra vụ tai nạn làm công nhân Đặng Nam Hải (SN 1970, trú tại Hà Tu, TP. Hạ Long, Quảng Ninh ) tử vong.</p><p class=\"ql-align-justify\">Thông tin ban đầu, anh Hải là thợ sửa xe ô tô bậc 7/7 của Công ty Than Hà Tu. Trong lúc vận hành để kiểm tra xe, anh Hải và lái xe Komatsu HD465 đang phối hợp sửa xe. Sau khi sửa xong, lái xe cho xe chạy thử trong khi anh Hải ngồi ở phía trước lốp sau bên lái đã bị lốp xe đè lên người khiến anh tử vong.</p><p class=\"ql-align-justify\">Hiện thi thể anh Hải đã được bàn giao cho gia đình để lo hậu sự.</p><p><br></p>',2,'2019-06-16 20:47:32',2,257,0),(2,'Nắng nóng gia tăng ở miền Bắc, Hà Nội có nơi trên 37 độ C','img/news-712062454.jpg','Hôm nay (16/6), nắng nóng gia tăng ở miền Bắc với nhiệt độ cao nhất phổ biến 35-37 độ C, có nơi trên 37 độ C.','<h2><strong>Hôm nay (16/6), nắng nóng gia tăng ở miền Bắc với nhiệt độ cao nhất phổ biến 35-37 độ C,',2,'2019-06-16 20:50:38',1,162,0),(4,'Nghẹn ngào tang lễ 2 phi công hy sinh trong vụ rơi máy bay ở Khánh Hòa','img/news-812700312.jpg','Sáng nay (16/6), Quân chủng Phòng không - Không quân tổ chức tang lễ hai phi công hy sinh khi huấn luyện bay tại Khánh Hòa.','<h2><strong>Sáng nay (16/6), Quân chủng Phòng không - Không quân tổ chức tang lễ hai phi công hy',2,'2019-06-16 20:56:00',1,352,0),(8,'Cuộc sống nghiệt ngã sau câu nói: “Tôi không say”','img/news-241265996.jpg','Sau những cuộc nhậu đến rũ rượi, nhiều người vì sĩ diện vẫn cố tỏ vẻ mình không say cho đến khi phải lĩnh hậu quả đầy cay đắng…','<h2><strong>Sau những cuộc nhậu đến rũ rượi, nhiều người vì sĩ diện vẫn cố tỏ vẻ mình không say cho đến khi phải lĩnh hậu quả đầy cay đắng…</strong></h2><p><a href=\"https://www.baogiaothong.vn/khong-su-dung-ruou-bia-khi-lai-xe-channel376/\" target=\"_blank\" style=\"color: rgb(80, 80, 80);\">Đã uống rượu bia thì không lái xe</a></p><p class=\"ql-align-center\"><img src=\"https://cdn.baogiaothong.vn/upload/images/2019-2/article_img/2019-06-16/mamen-05-1560650723-width480height318.jpg\" alt=\"Keyword đầu tiên có dấu\"></p><p class=\"ql-align-center\"><em>TNGT vì rượu, bia đã khiến nhiều gia đình kiệt quệ, không thể gượng dậy - Ảnh minh họa</em></p><p class=\"ql-align-justify\"><strong>Ác mộng gia đình ngày mùng 3 Tết</strong></p><p class=\"ql-align-justify\">Cách đây 15 năm, ngày mùng 3 Tết năm Giáp Thân, hòa cùng không khí hân hoan trên những con đường ngập tràn sắc Xuân, 4 người gia đình tôi cùng nhau cưỡi trên chiếc xe máy đi chúc Tết ông bà ngoại.</p><p class=\"ql-align-justify\">Ngày Tết khó tránh khỏi những chén rượu mời mọc. Ngồi vào mâm cơm, bố, ông ngoại và các cậu tôi chốc chốc lại “zô zô”. Cuộc vui kéo dài từ 9h00 sáng đến 14h00 giờ chiều vẫn chưa tàn trận. Trẻ con, phụ nữ ngồi nói hết câu chuyện này đến câu chuyện khác, những người đàn ông trụ cột của gia đình vẫn chén cạn, chén đầy, uống đến lúc ai cũng đỏ mặt tía tai nhưng vẫn tiếp tục nâng ly chúc tụng.</p><p class=\"ql-align-justify\">Cho đến lúc mẹ nóng lòng muốn về, biết bố đã ngà ngà say nên khuyên bố lán lại nhà ngoại ngủ, để ba mẹ con tự đi bộ trở lại nhà. Thế nhưng, bố vẫn một mực khẳng định: “Tôi không say”, rồi cứ thế hùng hục vào lấy xe máy và bắt ba mẹ con lên xe để về.</p><p class=\"ql-align-justify\">Nỗi sợ của mẹ thấy rõ khi thấy bố nồng nặc mùi rượu, mắt lảo đảo nhưng phía trong nhà, ông ngoại và các cậu đều đã say mềm, nằm la liệt, không ai còn sức để khuyên ngăn bố. Các mợ chẳng ai mở lời vì đinh ninh đường về nhà tôi chỉ hơn 1km, đi loáng cái là đến nơi.</p><p class=\"ql-align-justify\">Thế rồi, mẹ đành bế anh em tôi lên để xe chuyển bánh. Ngồi trước khung xe, tôi liên tục cảm nhận sự chông chênh và mùi rượu nồng nặc phả từ miệng bố. Ở phía sau, thấy nguy hiểm, mẹ cũng liên tục nhắc bố đi chậm nhưng bỏ ngoài tai tất cả, bố chỉ biết hằn giọng, quát mắng: “Tôi chưa say, có 1km chứ nhiều nhặn gì mà lo”. Và rồi, cái lo ấy lại trở thành nỗi đau sau vài giây chớp nhoáng.</p><p class=\"ql-align-justify\">Uỳnh! Một tiếng va chạm mạnh xảy ra khi hai chiếc xe máy đấu đầu nhau. Bố nằm sõng soài ra đường, mẹ và anh bị hất mạnh lên vỉa hè. Mọi thứ trở nên hỗn độn trong tiếng xì xào của người dân ven đường, tiếng mẹ gào khóc gọi tên bố. Tôi gần như bị sốc và lịm đi đến khi tỉnh dậy thì đã nằm trong bệnh viện cùng bố.</p><p class=\"ql-align-center\"><img src=\"https://cdn.baogiaothong.vn/upload/images/2019-2/article_img/2019-06-16/mamen-06-1560650811-width500height328.jpg\" alt=\"Keyword đầu tiên có dấu\"></p><p class=\"ql-align-center\"><em><span class=\"ql-cursor\">﻿</span>Những tai nạn do \"ma men\" dẫn lối trở thành nỗi đau âm ỉ với chính các nạn nhân và cả người thân - Ảnh minh họa</em></p><p class=\"ql-align-justify\"><strong>Nỗi đau âm ỉ với hai chữ “giá mà…”</strong></p><p class=\"ql-align-justify\">Sau ca điều trị, bố tôi vĩnh viễn mất đi chiếc chân trái và cuộc sống phải gắn chặt vào chiếc nạng gỗ. Cũng kể từ đó, kinh tế gia đình đi xuống trầm trọng, bố chỉ làm được các việc nhẹ, tiền công có được chẳng đáng là bao. Gánh nặng gia đình dồn tất cả vào công việc chợ búa của mẹ.</p><p class=\"ql-align-justify\">Tôi luôn âm ỉ một nỗi sợ hãi sau cú ngã “ngựa” ấy. Tôi sợ tiếng xe máy đến nỗi một thời gian dài không dám chạm đến chiếc xe, dù nó từng là một tài sản đáng tự hào của cả gia đình.</p><p class=\"ql-align-justify\">Đôi lúc, cả nhà ngồi tâm sự với nhau, cả bố và mẹ ai cũng đau đáu về biến cố nghiệt ngã ấy: “Giá mà hôm đó không đi chúc Tết ngoại; Giá mà mấy mẹ con đi bộ về, bắt bố ở lại nghỉ và giá mà ngày đó tôi không uống rượu...”.&nbsp;Thế nhưng, tất cả đều đã quá muộn, sai lầm đã diễn ra và nỗi đau đã đến.</p><p class=\"ql-align-justify\">Hiện bố tôi vẫn uống rượu ngày hai bữa nhưng mỗi bữa chỉ nhâm nhi một chén. Bố đã ý thức hơn trong việc sử dụng rượu, bia và tuyệt nhiên không uống trước lúc chuẩn bị lái xe.</p><p class=\"ql-align-justify\">Còn mẹ, cứ mỗi lần bố manh nha “quá chén” là lại chỉ vào cái chân thương tật của bố và hằn giọng: “Anh còn nhớ vì đâu cái chân của anh ra nông nỗi này?”. Và ngay lúc đó, bố tôi lập tức từ bỏ ý định đi quá giới hạn của bản thân.</p><p><br></p>',2,'2019-06-16 21:04:35',3,127,0),(9,'Những xe ô tô nào chỉ được cấp giấy chứng nhận, không có tem kiểm định?','img/news-342852155.jpg','Theo Cục Đăng kiểm VN, giấy chứng nhận và tem kiểm định có cùng số seri và giá trị như nhau, nhưng có trường hợp không được cấp tem.','<h2><strong>Theo Cục Đăng kiểm VN, giấy chứng nhận và tem kiểm định có cùng số seri và giá trị như',2,'2019-06-15 19:06:28',3,550,0),(10,'Bộ GTVT công bố vùng nước cảng biển Khánh Hòa, Ninh Thuận','img/news-642184798.png','Bộ GTVT vừa công bố vùng nước cảng biển thuộc địa phận tỉnh Khánh Hòa, Ninh Thuận và khu vực quản lý của Cảng vụ Hàng hải Nha Trang.','<h2><strong>Bộ GTVT vừa công bố vùng nước cảng biển thuộc địa phận tỉnh Khánh Hòa, Ninh Thuận và khu',2,'2019-06-16 21:07:44',3,321,0),(11,'Vừa mới vào tù, Khải \"Về nhà đi con\" được \"ông trùm\" Phan Quân khen nức nở','img/news-412701221.jpg','Vai diễn \"ông chồng bị ghét nhất phim\" của Trọng Hùng nhận được cơn mưa lời khen của các nghệ sĩ và khán giả.','<h1><strong>Vừa mới vào tù, Khải \"Về nhà đi con\" được \"ông trùm\" Phan Quân khen nức nở</strong></h1><p>14/06/2019 22:32</p><h2><strong>Vai diễn \"ông chồng bị ghét nhất phim\" của Trọng Hùng nhận được cơn mưa lời khen của các nghệ sĩ và khán giả.</strong></h2><p><a href=\"https://www.baogiaothong.vn/ve-nha-di-con-channel366/\" target=\"_blank\" style=\"color: rgb(80, 80, 80);\">Về nhà đi con</a></p><p class=\"ql-align-center\"><img width=\"730\" height=\"600\" src=\"https://cdn.baogiaothong.vn/upload/images/2019-2/article_img/2019-06-14/ve-nha-di-con-2-1560517014-width1575height912.jpg\" alt=\"Keyword đầu tiên có dấu\"><em>NSND Hoàng Dũng và Trọng Hùng trong phim \"Về nhà đi con\"</em></p><p class=\"ql-align-justify\">Chia sẻ trên trang cá nhân, NSND Hoàng Dũng cho biết khi xem phim \"Về nhà đi con\" với tư cách một khán giả, vai diễn mà anh ấn tượng là vai Khải của Trọng Hùng. \"Đây là một trong những vai diễn mà tôi thích, rất thích. Chân thực, sinh động, đáng ghét và đáng thương\", diễn viên đóng \"ông trùm\" Phan Quân trong \"Người phán xử\" viết.</p><p class=\"ql-align-justify\">Trong phần bình luận, diễn viên Bảo Anh nhận xét: \"Cậu ấy đã thực sự làm rất tốt\". Trọng Hùng cũng gửi lời cảm ơn đến NSND Hoàng Dũng: \"Con đã cố gắng nhưng vẫn còn nhiều thiếu sót bố ạ\".</p><p class=\"ql-align-center\"><img width=\"700\" height=\"550\" src=\"https://cdn.baogiaothong.vn/upload/images/2019-2/article_img/2019-06-14/ve-nha-di-con-1560517014-width2040height1234.png\" alt=\"Keyword đầu tiên có dấu\"><em>Đoạn chia sẻ của NSND Hoàng Dũng</em></p><p class=\"ql-align-justify\">Trong \"Về nhà đi con\" Khải vốn là chồng của Huệ (Thu Quỳnh) và là con rể của ông Sơn. Vốn tính nghiện cờ bạc, vũ phu, Khải trở thành nhân vật bị ghét nhất phim. Trong những diễn biến của tập 44, Khải gây tai nạn giao thông. Vì không có tiền đền, Khải đã chọn cách tống tiến ông Sơn. Chỉ cần bố vợ đưa cho 700 triệu đồng, Khải sẽ đồng ý ly hôn với Huệ.</p><p class=\"ql-align-justify\">Tuy nhiên, sau khi toà xử cho cả hai ly hôn, Khải bất ngờ gửi trả lại số tiền 700 triệu đồng mà Huệ đã đưa cho Khải trước đó. Khải chọn ngồi tù sau những lỗi lầm của mình gây ra. Sau tập phim này, nhiều khán giả bất ngờ thay đổi thái độ và dành nhiều tình cảm cho Khải.</p><p class=\"ql-align-justify\">“Tập này tôi thương anh Khải của tôi quá, mọi người đừng chửi anh Khải nữa\"; \"Thực ra trong mỗi con người bao giờ cũng có thiên thần và ác quỷ. Kẻ ác là kẻ để ác quỷ chế ngự. Đến cuối cùng khi Huệ đánh trúng lòng tự trọng còn sót lại trong con người Khải thì phần thiện trong con người Khải sống lại. Bộ phim thêm phần ý nghĩa và càng đáng xem hơn nữa. Cầu mong những con người sống lương thiện đều có cái kết đẹp”... là những bình luận của khán giả dành cho vai diễn của Trọng Hùng.</p><p><br></p>',2,'2019-06-14 14:10:28',8,523,0),(12,'Thế giới tội phạm buôn ma túy được cựu trinh sát đưa lên phim','img/news-768099648.jpg','Thế giới tội phạm khốc liệt sẽ được truyền tải qua bộ phim \"Bão ngầm\" - được chuyển thể từ tiểu thuyết của cựu trinh sát Đào Trung Hiếu.','<h1><strong>Thế giới tội phạm buôn ma túy được cựu trinh sát đưa lên phim</strong></h1><p>14/06/2019 20:47</p><h2><strong>Thế giới tội phạm khốc liệt sẽ được truyền tải qua bộ phim \"Bão ngầm\" - được chuyển thể từ tiểu thuyết của cựu trinh sát Đào Trung Hiếu.</strong></h2><p class=\"ql-align-justify\"><br></p><p class=\"ql-align-center\"><img width=\"720\" height=\"550\" src=\"https://cdn.baogiaothong.vn/upload/images/2019-2/article_img/2019-06-14/hd-1560514497-width800height498.jpg\" alt=\"Keyword đầu tiên có dấu\"><em>Dàn diễn viên của bộ phim Bão ngầm gồm những tên tuổi như NSND Trần Nhượng, Nguyễn Hải, Hà Việt Dũng, Cao Thái Hà...</em></p><p class=\"ql-align-justify\">Thế giới tội phạm, hình sự vốn vẫn luôn là đề tài ăn khách với dòng phim truyền hình. Tới đây, \"Bão ngầm\" - bộ phim được chuyển thể từ tiểu thuyết cùng tên của nhà văn - trung tá Đào Trung Hiếu sẽ được triển khai để ra mắt khán giả vào năm 2020. Tiểu thuyết này từng đạt giải&nbsp;A tại cuộc thi sáng tác tiểu thuyết, truyện ngắn và ký về đề tài: \"Vì ANTQ và bình yên cuộc sống\" năm 2015, do Bộ Công an và Hội Nhà văn Việt&nbsp;Nam&nbsp;tổ chức.</p><p class=\"ql-align-justify\">Được khởi quay từ tháng 6/2019, bộ phim là câu chuyện về hành trình điều tra bóc gỡ đường dây, tổ chức tội phạm ma túy xuyên quốc gia, vạch trần mặt thật của tên trùm Mafia ẩn dưới vỏ bọc chủ tịch một tập đoàn kinh tế lớn.</p><p class=\"ql-align-justify\">Từ cuộc bắt giữ vụ vận chuyển 20 bánh heroin trên đèo Mũi Ngựa của công an tỉnh Hưng Hóa, xuất hiện thông tin về một đường dây ma túy lớn do tên Thào A Chư cầm đầu. Để thu thập thông tin, ban chuyên án cử Đại úy Đào Hải Triều tiến hành xác minh rồi đi vào hang ổ của tội phạm. Cuộc sống nơi hang hùm, miệng sói khiến Triều nhiều lần đứng trước ngu cơ bị lộ và tính mạng bị đe dọa. Sau nhiều nỗ lực, cuối cùng đường dây này bị triệt hạ. Lúc này Ban chuyên án mới vỡ lẽ, Chư cũng chỉ là một mắt xích trong một đường dây lớn hơn.</p><p class=\"ql-align-justify\">Phim có tiết tấu nhanh, với những cuộc đấu trí, đấu mưu và những trận đánh gay cấn, sự ác hiểm trong thế giới tội phạm… được tái hiện và phản ánh qua lăng kính của tác giả - một trinh sát bài trừ ma túy, từng thực hiện những nhiệm vụ bí mật trong hang ổ tội phạm. Trong phim, tác giả chuyển hóa các tình tiết truyện để vừa đảm bảo tính hấp dẫn, logic, vừa đáp ứng các yêu cầu nghiệp vụ.</p><p class=\"ql-align-justify\">Tính độc đáo của bộ phim thể hiện qua việc khai thác, mô tả những diễn biến tâm lý xảy ra với các người lính khi họ đứng trước những sự lựa chọn. Tất cả âm thầm nhưng khốc liệt những cơn bão ngầm khó nhìn thấy được bằng mắt thường. Những xung đột nội tâm khốc liệt như chính cuộc sống, vì chất liệu làm phim gồm những gì tác giả kịch bản đã trải qua suốt 20 năm trực tiếp đấu tranh phòng chống tội phạm.</p><p class=\"ql-align-center\"><img width=\"720\" height=\"750\" src=\"https://cdn.baogiaothong.vn/upload/images/2019-2/article_img/2019-06-14/5c1e80d363928accd383-1560515385-width800height1235.jpg\" alt=\"Keyword đầu tiên có dấu\"><em>Tiểu thuyết Bão ngầm của nhà văn , trung tá Đào Trung Hiếu</em></p><p class=\"ql-align-justify\">Bộ phim mang tư tưởng những gì là giả tạo và lạc hậu sẽ bị nghiền nát trong vòng quay cuộc đời. Mọi tráo trở, lừa lọc và bội phản sẽ bị quy luật đào thải làm văng ra khỏi quỹ đạo vận động của xã hội. Đồng thời, tôn vinh những giá trị chân thiện mỹ, những mầm thiện trồi lên từ thực địa cuộc xung đột chính - tà.</p><p class=\"ql-align-justify\">Nhận xét về bộ phim, hội đồng thẩm định phim truyền hình - Đài THVN cho rằng, đây là một kịch bản hay, tác giả đã đưa ra cả một thế giới hình sự với những tội ác ghê gớm, bởi những nhân vật quái kiệt của cả hai phe chính và tà, những âm mưu, thủ đoạn với những tình huống rợn người. Tất cả được trình bày trong một câu chuyện rất tường tận, phong phú và ti mỉ. “có thể thấy rõ đặc tính trong kịch bản này là sự tâm huyết, đau đáu, được hun đúc trong nhiều năm bám sát, thấu hiểu hiện thực cuộc sống đã thúc đẩy tác giả viết ra kịch bản này. Các sự kiện, tình huống được miêu tả sinh động, chân thực ngay từ những trang viết đầu tiên đến những cảnh cuối cùng.</p><p class=\"ql-align-justify\">Trung tá Đào Trung Hiếu tiết lộ, bộ phim có những điểm khác biệt so với các bộ phim hình sự khác. \"Người khác làm phim về công an sẽ phải tưởng tượng vì đây là đề tài khu biệt, không phải ai cũng có thể thâm nhập. Còn tôi có lợi thế đã làm nghề 20 năm, có những trải nghiệm khi nhiều lần trực tiếp làm nhiệm vụ ở hang ổ của tội phạm, trải qua những cận kề sự sống và cái chết. Thế nên, phim có sự chân thật từ lời thoại tới câu chuyện\", anh chia sẻ.</p><p class=\"ql-align-justify\">\"Cầm trịch\" bộ phim là đạo diễn Đinh Thái Thụy. Nam đạo diễn tâm sự, anh bị cuốn hút bởi sự kịch tính của kịch bản. Bản thân anh có lợi thế là bị cuốn hút vì câu chuyện phim, nhưng cũng áp lực bởi trước nay, đã có một series phim Cảnh sát hình sự đã thành công. \"Nhưng áp lực đó khiến tôi không quá lo ngại mà bắt tôi phải nhìn nhận nghiêm túc, thực hiện chỉnh chu trong từng khung hình của mình, để làm ra một sản phẩm chất lượng\".</p><p class=\"ql-align-justify\">\"Bão ngầm\" chính thức được bấm máy từ tháng 6/2019 và dự kiến sẽ ra mắt khán giả vào quý II/2020.</p><p><br></p> ',2,'2019-06-14 13:12:02',8,225,0),(13,'Đã từ chức, cựu Chủ tịch YG Yang Hyun Suk có thể bị tội che dấu tội phạm','img/news-719319967.jpg','Vừa từ chức Chủ tịch YG Entertainment, Yang Hyun Suk có nguy cơ bị buộc tội che dấu tội phạm ma túy.','<h1><strong>Đã từ chức, cựu Chủ tịch YG Yang Hyun Suk có thể bị tội che dấu tội phạm</strong></h1><p>16/06/2019 19:02</p><h2><strong>Vừa từ chức Chủ tịch YG Entertainment, Yang Hyun Suk có nguy cơ bị buộc tội che dấu tội phạm ma túy.</strong></h2><p class=\"ql-align-center\"><img width=\"720\" height=\"600\" src=\"https://cdn.baogiaothong.vn/upload/images/2019-2/article_img/2019-06-16/20190615-yanghyunsukjpg-1560661380-width720height600.jpg\" alt=\"Keyword đầu tiên có dấu\"><em>Cựu Chủ tịch YG Entertainment Yang Hyun Suk có thể bị buộc tội che giấu tội phạm.</em></p><p class=\"ql-align-justify\">Việc Yang Hyun Suk tuyên bố từ chức khỏi vị trí Chủ tịch YG Entertainment gây chấn động showbiz Hàn. Sau hàng loạt bê bối nghiêm trọng mấy tháng gần đây kể từ vụ việc của Seungri, \"bố\" Yang đã chính thức rút lui khỏi \"để chế\" YG - một trong ba ông lớn của làng giải trí xứ Hàn.</p><p class=\"ql-align-justify\">Mới đây, chương trình “8 News” của đài SBS đưa tin, cảnh sát đã tuyên bố cựu giám đốc của YG Entertainment, Yang Hyun Suk có thể bị buộc tội che giấu các tội phạm ma túy.</p><p class=\"ql-align-justify\">Theo đó, các nghệ sĩ của công ty YG như G-Dragon, T.O.P (nhóm Big Bang) và Park Bom (cựu thành viên nhóm 2NE1) từng vướng vào những bê bối cần sa, ma túy và mỗi vụ bê bối ấy lại chỉ bị xử lý rất nhẹ.</p><p class=\"ql-align-center\"><img width=\"720\" height=\"600\"  src=\"https://cdn.baogiaothong.vn/upload/images/2019-2/article_img/2019-06-16/3737fcd7d89731c96886-1560661632-width720height600.jpg\" alt=\"Keyword đầu tiên có dấu\"><em>Park Bom - cựu thành viên của 2NE1 từng dính bê bối vận chuyển chất cấm.</em></p><p class=\"ql-align-justify\">Tuy nhiên, liên quan tới bê bối sử dụng ma túy của B.I, cựu thành viên nhóm iKON gần đây, cảnh sát đang xem xét sự liên quan của Yang Hyun Suk trong vấn đề này. Có người cho rằng, Yang Hyun Suk đã giúp các nghệ sĩ của YG xóa bỏ dấu vết nếu xét nghiệm họ dương tính với ma túy.</p><p class=\"ql-align-justify\">“8 News” đưa tin, một nguồn tin từ phía cảnh sát cho biết, nếu những lời khai của Han Seo Hee - người đã nhắn tin và cung cấp ma túy cho B.I rằng cựu chủ tịch Yang Hyun Suk yêu cầu cô thay đổi lời khai của mình là đúng, đây có thể bị coi là một hành vi phạm tội. Việc xóa bỏ dấu vết xét nghiệm ma túy có thể bị buộc tội che giấu tội phạm.</p><p class=\"ql-align-justify\">Trước đó ngày 14/6, Yang Hyun Suk cùng em trai là Yang Min Suk từ chức Chủ tịch công ty giải trí YG Entertainment.</p><p><br></p>',2,'2019-06-16 21:14:01',7,123,0),(14,'Nga xác nhận thử nghiệm robot lặn sâu Klavesin-2R-PM','img/news-703500402.jpeg','Ngoài việc thực hiện chức năng khảo sát, tổ hợp Klavesin-2R-PM còn giải quyết  nhiệm vụ nghiên cứu đại dương thế giới.','<h2><strong>Ngoài việc thực hiện chức năng khảo sát, tổ hợp Klavesin-2R-PM còn giải quyết&nbsp;nhiệm vụ nghiên cứu đại dương thế giới.</strong></h2><p class=\"ql-align-center\"><img src=\"https://cdn.baogiaothong.vn/upload/images/2019-2/article_img/2019-06-16/robot-klavesin-1560651048-width468height312.jpeg\" alt=\"Keyword đầu tiên có dấu\"><em><br>Robot Klavesin.</em></p><p class=\"ql-align-justify\">Theo nguồn tin của báo chí Nga, năm 2018, Văn phòng thiết kế trung tâm về thiết bị hàng hải Rubin đã thử nghiệm robot dưới nước Klavesin-2R-PM, xác nhận thành công của những giải pháp thiết kế được tích hợp vào sản phẩm.</p><p class=\"ql-align-justify\">Báo cáo thường niên của Văn phòng thiết kế trung tâm về thiết bị hàng hải Rubin cho hay, qua thử nghiệm đã xác nhận độ chính xác của các giải pháp thiết kế bố trí trong tổ hợp và những nguyên tắc cùng thuật toán cơ bản cho chức năng hoạt động của thiết bị.</p><p class=\"ql-align-justify\">Lần đầu tiên tổ hợp tạp này được nhắc đến trong báo cáo của công ty từ năm 2016. Được biết, khi đó Rubin đang chế tạo bộ thiết bị lặn nước tự động không người lái Klavesin-2R-PM có phạm vi và độ lặn sâu được gia tăng.</p><p class=\"ql-align-justify\">Ngoài việc thực hiện chức năng khảo sát và tìm kiếm, tổ hợp này còn giải quyết nhiệm vụ nghiên cứu đại dương thế giới ở những vùng nước sâu.</p><p><br></p>',2,'2019-06-16 21:16:08',6,362,0),(15,'Hoa hậu Nga khoe ảnh con trai với cựu Vương Malaysia','img/news-460594473.jpg','Hồi tháng 4/2018, cô gái Nga cải sang đạo Hồi và lấy tên là Rihana. ','<h1><strong>Hoa hậu Nga khoe ảnh con trai với cựu Vương Malaysia</strong></h1><p>16/06/2019 07:51</p><h2><strong>Hồi tháng 4/2018, cô gái Nga cải sang đạo Hồi và lấy tên là Rihana.&nbsp;</strong></h2><p class=\"ql-align-center\"><img src=\"https://cdn.baogiaothong.vn/upload/images/2019-2/article_img/2019-06-16/1-1560646171-width499height385.jpg\" alt=\"Keyword đầu tiên có dấu\"><em><br>Oksana Voevodina và con trai.</em></p><p class=\"ql-align-justify\">Theo báo Sputnik, Hoa hậu Moscow lần đầu khoe con trai với cựu vương Malaysia.</p><p class=\"ql-align-justify\">Cô Oksana Voevodina, người giành vương miện \"Hoa hậu Moscow 2015\" lần đầu tiên cho mọi người được thấy cậu con trai mà cô có chung với cựu Quốc vương Malaysia Muhammad V.</p><p class=\"ql-align-justify\">Bức ảnh cậu bé đăng trên tài khoản Instagram cá nhân của Oksana Voevodina.</p><p class=\"ql-align-justify\">Theo Oksana Voevodina, con trai cô chào đời hôm 21/ 5, được đặt tên là Tenku Ismail Leon Piotr Bin Tenku Muhammad V Faris Piotr.</p><p class=\"ql-align-justify\">“Cuộc sống của chúng tôi đã thay đổi với sự xuất hiện của con người nhỏ bé này, bé đến với thế giới để trao tặng yêu thương và được yêu thương. Khi mỗi người bắt đầu quan tâm đến người khác nhiều hơn cả bản thân mình, thì tình yêu lớn thành gia đình”, - Voevodina ghi chú dưới bức ảnh.</p><p class=\"ql-align-center\"><img src=\"https://cdn.baogiaothong.vn/upload/images/2019-2/article_img/2019-06-16/le-cuoi-1560646214-width644height483.jpg\" alt=\"Keyword đầu tiên có dấu\"><em><br>Lễ cưới của Oksana Voevodina và cựu Vương Malaysia.</em></p><p class=\"ql-align-justify\">Người mẹ trẻ Oksana Voevodina cũng thừa nhận rằng đối với cô, ý nghĩa cuộc sống là gia đình và con cái.</p><p class=\"ql-align-justify\">Trước đó Voevodina thông báo trên mạng xã hội việc mang thai và với cô, đó cũng là giai đoạn quan trọng và khó khăn nhất trong cuộc đời. Được biết, Oksana Voevodina đã phải nằm viện ba tháng với nhiều biến chứng.</p><p class=\"ql-align-justify\">Tháng 11/2018, cựu vương Muhammad V kết hôn với Oksana Voevodina. Trong tháng 4 cùng năm, cô gái Nga cải sang đạo Hồi và lấy tên là Rihana.</p><p class=\"ql-align-justify\">Một tháng rưỡi sau đám cưới, nhà vua thoái vị trở về quê nhà ở bang Kelantan.</p><p><br></p> ',2,'2019-06-16 21:17:41',6,158,0),(16,'Cựu Thủ tướng Đức: Sáp nhập Crimea vào Nga là hợp pháp','img/news-246343375.jpg','Theo báo chí Nga, Cựu Thủ tướng Đức Gerhard Schröder tuyên bố rằng việc Crimea sáp nhập vào Nga là hoàn toàn hợp pháp.','<h1><strong>Cựu Thủ tướng Đức: Sáp nhập Crimea vào Nga là hợp pháp</strong></h1>',2,'2019-06-16 21:23:17',6,120,0),(19,'Thư ký báo chí của ông Trump bất ngờ xin thôi việc về chăm con','img/news-684693348.jpg','Tổng thống Mỹ Donald Trump nói rằng phát ngôn viên Nhà Trắng Sarah Sanders sẽ rời khỏi vị trí của mình vào cuối tháng 6.',' <h2><strong>Tổng thống Mỹ Donald Trump nói rằng phát ngôn viên Nhà Trắng Sarah Sanders sẽ rời khỏi vị trí của mình vào cuối tháng 6.</strong></h2><p class=\"ql-align-center\"><img src=\"https://cdn.baogiaothong.vn/upload/images/2019-2/article_img/2019-06-14/splinter-1560500127-width799height533.jpg\" alt=\"Keyword đầu tiên có dấu\" width=\"720\" height=\"600\"></p><p class=\"ql-align-center\"><em><span class=\"ql-cursor\">﻿</span>Bà Sarah Sanders và các con - ảnh tư liệu: Splinter.</em></p><p class=\"ql-align-justify\">Ông Donald Trump cũng hy vọng rằng Sanders sẽ ra tranh cử thống đốc bang Arkansas.</p><p class=\"ql-align-justify\">\"Sau ba năm rưỡi, Sarah Huckabee Sanders tuyệt vời của chúng tôi sẽ rời Nhà Trắng vào cuối tháng và trở về nhà ở tiểu bang Arkansas.</p><p class=\"ql-align-justify\">Cô ấy là một người với tài năng phi thường, đã làm một công việc đáng kinh ngạc! Tôi hy vọng cô ấy quyết định ra tranh cử thống đốc bang Arkansas - cô ấy sẽ thành thống đốc thật tuyệt vời”, - ông Trump viết trên Twitter.</p><p class=\"ql-align-justify\">Đáp lại bài phát biểu của tổng thống tại Nhà Trắng hôm thứ Năm, bà Sarah Sanders đã được ông gọi lên sân khấu.</p><p class=\"ql-align-justify\">\"Tôi tự hào về công việc tôi đã làm và đây là công việc tốt nhất tôi sẽ luôn tự hào... Nhưng, tôi là một người mẹ, tôi có hai đứa con xinh đẹp và tôi muốn dành nhiều hơn thời gian với chúng”, - bà Sarah Huckabee Sanders nói và nhấn mạnh thêm rằng mình sẽ tiếp tục ủng hộ Tổng thống Trump một cách không nghi ngờ.</p><p class=\"ql-align-justify\">Bà Sarah Sanders được bổ nhiệm làm thư ký báo chí vào ngày 26/7/2017. Ở vị trí này, bà thay thế Sean Spicer, người đã có 6 tháng làm thư ký báo chí cho ông Trump.</p><p class=\"ql-align-justify\"><br></p>',2,'2019-06-16 21:26:45',6,367,0),(20,'Airbus-Boeing tranh giành thị trường máy bay thân rộng tại châu Á','img/news-370688371.jpeg','Hai hãng sản xuất máy bay hàng đầu thế giới là Airbus và Boeing đang tranh giành các đơn hàng máy bay thân rộng béo bở trị giá 10 tỉ USD...','<h2><strong>Hai hãng sản xuất máy bay hàng đầu thế giới là Airbus và Boeing đang tranh giành các đơn hàng máy bay thân rộng béo bở trị giá 10 tỉ USD...</strong></h2><p class=\"ql-align-center\"><img src=\"https://cdn.baogiaothong.vn/upload/images/2019-2/article_img/2019-06-13/may-bay-boeing-1560431698-width1000height688.jpeg\" alt=\"Keyword đầu tiên có dấu\" width=\"750\" height=\"600\"><em>Máy bay Airbus A330neo đang trong giai đoạn hoàn thiện cuối cùng</em></p><p class=\"ql-align-justify\">Hai hãng sản xuất máy bay hàng đầu thế giới là Airbus và Boeing đang tranh giành các đơn hàng máy bay thân rộng béo bở trị giá 10 tỉ USD khi thời gian diễn ra chương trình Triển lãm máy bay Paris đang cận kề - nhiều nguồn tin cho biết.</p><p class=\"ql-align-justify\">Nhiều hãng hàng không châu Á đang nỗ lực cải thiện và mua thêm máy bay thân dài để đón đầu nhu cầu hành khách tăng nhanh trong tương lai.</p><p class=\"ql-align-justify\">Một trong những khách hàng xộp tại Đông Nam Á mà Airbus và Boeing đang tranh giành là hãng hàng không giá rẻ Philippines - Cebu Air. Airbus đang tìm cách bán máy bay A330neo ế ẩm còn Boeing lại muốn bán dòng 787 Dreamliner cho hãng này.</p><p class=\"ql-align-justify\">Hãng giá rẻ của Philippines có vẻ như muốn phá vỡ mối quan hệ độc quyền với Airbus bằng cách chọn Boeing 787 với đơn hàng lên tới 16 máy bay thân rộng dự định giao hàng vào 2020 và 2021.</p><p class=\"ql-align-justify\">Bên cạnh đó, Airbus đang vội vàng tìm kiếm ít nhất hai khách hàng mới cho dòng A330neo nâng cấp. Theo hãng tin Reuters, Airbus sắp ký thoả thuận bán A330neo cho hãng Virgin Atlantic.</p><p class=\"ql-align-justify\">Boeing được dự đoán sẽ giành được đơn hàng cung cấp máy bay 777X từ Korean Air - nhiều nguồn tin hé lộ.</p><p><br></p>',2,'2019-06-16 21:27:32',6,530,0),(21,'Australia: Nhà để thuyền vô danh bất ngờ thành điểm check-in nổi tiếng','img/news-777932342.jpg','Địa điểm thu hút khách du lịch tới chụp ảnh nhất tại thành phố Perth, Australia không phải là một tượng đài, một công trình nghệ thuật...','<h2><strong>Địa điểm thu hút khách du lịch tới chụp ảnh nhất tại thành phố Perth, Australia không phải là một tượng đài, một công trình nghệ thuật...</strong></h2><p class=\"ql-align-center\"><img src=\"https://cdn.baogiaothong.vn/upload/images/2019-2/article_img/2019-06-13/ngoi-nha-de-thuyen-nam-tren-ho-thien-nga-1560431854-width1000height563.jpg\" alt=\"Keyword đầu tiên có dấu\" width=\"750\" height=\"550\"></p><p class=\"ql-align-center\" ><em><span class=\"ql-cursor\">﻿</span>Ngôi nhà để thuyền nằm trên hồ Thiên Nga</em></p><p class=\"ql-align-justify\">Địa điểm thu hút khách du lịch tới chụp ảnh nhất tại thành phố Perth, Australia không phải là một tượng đài, một công trình nghệ thuật đại chúng hay công trình được UNESCO công nhận mà là một ngôi nhà để thuyền nằm trên hồ Thiên Nga.</p><p class=\"ql-align-justify\">Ngôi nhà nhỏ bằng gỗ màu xanh sáng đã có tại địa phương này từ rất lâu nhưng đôi khi bản thân người bản xứ đi qua đây tới vài lần/ngày cũng không nhận ra.</p><p class=\"ql-align-justify\">Tuy nhiên, nhờ một vài hình ảnh được đăng tải lên Instagram, nơi đây bỗng trở thành điểm check-in, chụp ảnh nổi tiếng khắp thế giới, thu hút đông đảo khách du lịch. Chính sự nổi tiếng bất ngờ này lại khiến người dân địa phương gặp không ít phiền toái.</p><p class=\"ql-align-justify\">Do địa điểm vệ sinh công cộng gần ngôi nhà nhất cũng cách đó khoảng 2,4km nên rất đông du khách kéo đến sử dụng nhờ nhà vệ sinh tại nhà hàng Zafferano’s gần đó. Chủ nhà hàng nhiều lần khó chịu vì những khách hàng thô lỗ thậm chí nói tục chửi bậy.</p><p class=\"ql-align-justify\">Để giải quyết các vấn đề phát sinh đồng thời chuyên nghiệp hoá hoạt động du lịch, thành phố Perth quyết định xây dựng toilet bằng năng lượng mặt trời đầu tiên tại đây với chi phí lên tới 278.000 USD cùng với khoản chi 14.000 USD phí bảo trì mỗi năm để phục vụ riêng du khách.</p><p><br></p>',2,'2019-06-16 21:29:07',6,350,0),(22,'Chính phủ Italia vội vàng giải cứu hãng hàng không Alitalia','img/news-989901341.jpg','Chính phủ Italia đang rốt ráo ở giai đoạn cuối để giải cứu hãng hàng không đang gặp khó khăn Alitalia, theo Bộ trưởng Bộ Công nghiệp Italia...','<h2><strong>Chính phủ Italia đang rốt ráo ở giai đoạn cuối để giải cứu hãng hàng không đang gặp khó khăn Alitalia, theo Bộ trưởng Bộ Công nghiệp Italia...</strong></h2><p class=\"ql-align-center\"><img src=\"https://cdn.baogiaothong.vn/upload/images/2019-2/article_img/2019-06-13/may-bay-cua-hang-hang-khong-alitalia-1560432015-width1000height667.jpg\" alt=\"Keyword đầu tiên có dấu\" width=\"750\" height=\"600\"></p><p class=\"ql-align-center\"><em><span class=\"ql-cursor\">﻿</span>Máy bay của hãng hàng không Alitalia</em></p><p class=\"ql-align-justify\">Chính phủ Italia đang rốt ráo ở giai đoạn cuối để giải cứu hãng hàng không đang gặp khó khăn Alitalia, theo Bộ trưởng Bộ Công nghiệp Italia Luigi Di Maio.</p><p class=\"ql-align-justify\">Tập đoàn đường sắt quốc doanh Ferrovie dello Stato đang chạy đua với thời gian, tập hợp một nhóm các nhà đầu tư sẵn sàng bơm tiền vào hãng hàng không thua lỗ này để đạt mục tiêu đến giữa tháng 6 trình lên Bộ Công nghiệp Italia kế hoạch cứu Alitalia.</p><p class=\"ql-align-justify\">“Chúng tôi đang rất gấp gáp. Đây là thời gian quan trọng vì chúng tôi sẽ phải đưa ra quyết định”, ông Di Maio cho biết.</p><p class=\"ql-align-justify\">Nhiều nguồn tin cho biết, rất có thể, chính phủ sẽ nới thêm thời hạn trình kế hoạch một lần nữa ra khoảng 15 ngày hoặc 1 tháng.</p><p><br></p>',2,'2019-06-16 21:30:18',6,52,0),(23,'Trung Quốc kêu gọi diễn giải đúng lời ông Putin về \"hổ và khỉ\"','img/news-880029400.jpg','Ban đầu Tổng thống Putin sử dụng câu tục ngữ Trung Quốc này, nhưng sau đó ông nói thêm rằng mọi thứ thay đổi....','<h2><strong>Ban đầu Tổng thống Putin sử dụng câu tục ngữ Trung Quốc này, nhưng sau đó ông nói thêm rằng mọi thứ thay đổi....</strong></h2><p class=\"ql-align-center\"><img src=\"https://cdn.baogiaothong.vn/upload/images/2019-2/article_img/2019-06-13/lanh-dao-hai-nuoc-nga-trung-o-asia-times-anh-asia-times-1560384552-width900height540.jpg\" alt=\"Keyword đầu tiên có dấu\" width=\"750\" height=\"500\"></p><p class=\"ql-align-center\"><em><span class=\"ql-cursor\">﻿</span>Lãnh đạo hai nước Nga - Trung ở Asia Times - ảnh Asia Times.</em></p><p class=\"ql-align-justify\">Báo chí Nga cho hay, phát ngôn viên Bộ Ngoại giao Trung Quốc Cảnh Sảng kêu gọi giới truyền thông diễn giải chính xác phát biểu của Tổng thống Nga Vladimir Putin tại Diễn đàn kinh tế quốc tế St. Petersburg (SPIEF) khi ông trích dẫn câu tục ngữ Trung Quốc khi bình luận về chiến tranh thương mại của Mỹ với Trung Quốc và Nga.</p><p class=\"ql-align-justify\">“Khi những con hổ đánh nhau trong thung lũng, con khỉ thông minh ngồi xem cuộc chiến sẽ kết thúc như thế nào” – Tổng thống Nga Putin trả lời câu hỏi về quan điểm của Moscow về cuộc chiến giành \"ngôi vương\" về kinh tế thế giới.</p><p class=\"ql-align-justify\">\"Tôi lưu ý đến các thông tin liên quan trên các phương tiện truyền thông, nhưng tôi khuyên họ nên kiểm tra cẩn thận toàn bộ lời phát biểu của Tổng thống Nga Putin, xem lại video có liên quan và không đưa trích dẫn ra khỏi ngữ cảnh.</p><p class=\"ql-align-justify\">Theo tôi biết, ban đầu Tổng thống Putin sử dụng câu tục ngữ Trung Quốc này, nhưng sau đó ông nói thêm rằng mọi thứ thay đổi, và bức tranh được mô tả trong câu tục ngữ cũng sẽ thay đổi.</p><p class=\"ql-align-justify\">Hoa Kỳ liên tục nói về các nguyên tắc thương mại tự do và dân chủ trong nền kinh tế toàn cầu, nhưng khi các đối thủ của họ trở nên mạnh hơn, Hoa Kỳ bắt đầu sử dụng các hạn chế khác nhau như chiến tranh thuế, gây bất lợi cho nền kinh tế toàn cầu” – ông Cảnh Sảng nói.</p><p class=\"ql-align-justify\">Người phát ngôn của Bộ Ngoại giao Trung Quốc cũng nhắc lại tuyên bố của Tổng thống Putinvrằng Nga sẽ đấu tranh vì các nguyên tắc công bằng và dân chủ trong lĩnh vực thương mại thế giới.</p><p class=\"ql-align-justify\">\"Tôi thấy rằng đây là lập trường thực sự của Nga và Tổng thống Putin đối với sự bất đồng thương mại và kinh tế giữa Trung Quốc và Hoa Kỳ\" - nhà ngoại giao nhấn mạnh.</p><p class=\"ql-align-justify\">Ông nói thêm rằng \"Trung Quốc và Nga phản đối mạnh mẽ chính sách hành động đơn phương, chủ nghĩa bảo hộ và khủng bố tâm lý\".</p><p><br></p> ',2,'2019-06-16 21:31:37',6,42,0),(24,'\"Tín dụng tiêu dùng lãi suất 30-40%/năm không phải khẩu vị Vietcombank\"','img/news-203434583.jpg','Lãnh đạo Vietcombank chia sẻ đã “nói không” với đề nghị nhảy vào khai thác “mỏ vàng” tín dụng tiêu dùng.','<h2><strong>Lãnh đạo Vietcombank chia sẻ đã “nói không” với đề nghị nhảy vào khai thác “mỏ vàng” tín dụng tiêu dùng.</strong></h2><p class=\"ql-align-center\"><img src=\"https://cdn.baogiaothong.vn/upload/images/2019-2/article_img/2019-06-14/nghiem-xuan-thanh-vietcombank-tin-dung-tieu-dung-1560503443-width394height207.jpg\" alt=\"Keyword đầu tiên có dấu\"></p><p class=\"ql-align-center\"><em><span class=\"ql-cursor\">﻿</span>Ông Nghiêm Xuân Thành, Chủ tịch HĐQT Vietcombank</em></p><p class=\"ql-align-justify\">Ông Nghiêm Xuân Thành, Chủ tịch Vietcombank chia sẻ mới đây đã nhận được lời đề nghị của cổ đông về việc thành lập công ty tín dụng tiêu dùng như hướng đi của một số ngân hàng hiện nay bởi đây là “mỏ vàng” mà nhiều ngân hàng đặt trọng tâm khai thác để gia tăng lợi nhuận.</p><p class=\"ql-align-justify\">“Tín dụng tiêu dùng với lãi suất 30-40%/năm nhưng không phải khẩu vị của Vietcombank. Nó làm hình ảnh Vietcombank méo mó. Từ trước tới nay, nói tới Vietcombank là nói tới lãi suất cạnh tranh mà nay nói lãi suất 30-40% là không làm”, người đứng đầu Vietcombank khẳng định.</p><p class=\"ql-align-justify\">Ông Nghiêm Xuân Thành cũng khẳng định, đây là chủ trương của ngân hàng này ít nhất trong vòng 5 năm tới.</p><p class=\"ql-align-justify\">Bên cạnh yếu tố hình ảnh, trách nhiệm Vietcombank ông Thành cũng phân tích, với tín dụng tiêu dùng đi kèm với lãi suất cao đó nợ xấu cũng sẽ tăng cao.</p><p class=\"ql-align-justify\">Còn với các cá nhân có nhu cầu vay tiêu dùng, Vietcombank đang có các sản phẩm bán lẻ chuẩn dành cho khách hàng cá nhân trong đó có phương án, quản lý dòng tiền và tài sản đảm bảo... nên nợ xấu vẫn ở mức thấp.</p><p class=\"ql-align-justify\">Vietcombank hiện là một trong số các ngân hàng có nợ xấu thấp nhất hệ thống, dưới 1%. “Đến 2019, nợ xấu nội bảng và tại VAMC đã được ngân hàng xử lý sạch về dưới 1%. Năm nay ngân hàng dự kiến quản trị nợ xấu dưới 1%”, ông Thành tự tin.</p><p class=\"ql-align-justify\">Hiện nay, với một số ngân hàng tập trung mảng tín dụng tiêu dùng, nợ xấu của mảng này lên tới 4%/năm thậm chí trên 5%/năm. Theo phân tích của Luật sư Trương Thanh Đức, Chủ tịch Công ty Luật Basico, rủi ro của tín dụng thực sự đến khi khoản nợ đáo hạn. Chính vì vậy với các khoản tín dụng thời gian càng dài thì rủi ro tiềm ẩn với ngân hàng càng lớn và trong thời gian dài.</p><p class=\"ql-align-justify\">Lãng đạo Vietcombank cũng thông tin, công tác phân loại nợ được ngân hàng thực hiện chặt chẽ hơn với hệ thống, quỹ dự phòng của ngân hàng này cũng cao gấp 1,7 lần nợ xấu. Năm 2019, Vietcombank trích 6.000 tỷ đồng dự phòng rui ro. “Việc phân loại nợ minh bạch nhất trong các ngân hàng”, ông Thành khẳng định.</p><p class=\"ql-align-justify\">Được biết, 5 tháng đầu năm 2019, Vietcombank giữ vị trí quán quân lợi nhuận với mức 9.000 tỷ đồng. Năm 2019 Vietcombank đặt kết hoạch đạt 21.000 tỷ đồng và phấn đấu 2020 đạt 23.000 tỷ đồng (tương đương 1 tỷ USD).</p><p><br></p>',2,'2019-06-16 21:33:42',15,143,0),(25,'Ngân hàng thương mại Nhà nước cấp thiết xin tăng vốn','img/news-446588362.jpg','Hiệp hội Ngân hàng Việt Nam cho rằng: Bốn ngân hàng thương mại Nhà nước hiện có tổng tài sản và dư nợ tín dụng chiếm thị phần trên dưới 50%...','<h2><strong>Hiệp hội Ngân hàng Việt Nam cho rằng: Bốn ngân hàng thương mại Nhà nước hiện có tổng tài sản và dư nợ tín dụng chiếm thị phần trên dưới 50%...</strong></h2><p class=\"ql-align-center\"><img width=\"700\" height=\"550\" src=\"https://cdn.baogiaothong.vn/upload/images/2019-2/article_img/2019-06-11/vietcombank-1560263686-width1000height640.jpg\" alt=\"Keyword đầu tiên có dấu\"></p><p class=\"ql-align-center\"><em><span class=\"ql-cursor\">﻿</span>Vietcombank là một trong bốn ngân hàng thương mại Nhà nước có nhu cầu cấp thiết tăng vốn điều lệ</em></p><p class=\"ql-align-justify\">Cùng với Vietcombank, Vietinbank và Agribank, BIDV là một trong bốn ngân hàng thương mại Nhà nước có nhu cầu cấp thiết cần tăng vốn điều lệ để phát huy vai trò đắc lực trong việc thực hiện các chủ trương, chính sách của Đảng và Nhà nước, trong đó có việc cung ứng vốn cho tăng trưởng kinh tế.</p><p class=\"ql-align-justify\">Về chủ trương, Quyết định số 1058 ngày 19/7/2017 của Thủ tướng Chính phủ phê duyệt Đề án “Cơ cấu lại hệ thống các tổ chức tín dụng gắn với xử lý nợ xấu giai đoạn 2016-2020” đã đề ra mục tiêu: Tăng vốn điều lệ để bảo đảm tỷ lệ an toàn vốn theo chuẩn mực Basel II, bảo đảm vai trò chi phối của Nhà nước trong các ngân hàng thương mại Nhà nước, trong đó Nhà nước nắm giữ mức tối thiểu 65% tổng số cổ phần có quyền biểu quyết; Quyết định số 986 ngày 8/8/2018 phê duyệt “Chiến lược phát triển ngành ngân hàng Việt Nam đến năm 2025, định hướng đến năm 2030” đã yêu cầu: Đến năm 2020, các ngân hàng thương mại do Nhà nước nắm giữ trên 50% vốn điều lệ phải đáp ứng đủ vốn theo chuẩn mực an toàn vốn của Basel II.</p><p class=\"ql-align-justify\">Tuy đã áp dụng đồng bộ và tối đa các biện pháp, xây dựng phương án cụ thể, tập trung đẩy mạnh tái cơ cấu, nâng cao hiệu quả kinh doanh, thực hiện các biện pháp nâng cao năng lực tài chính, nhưng các ngân hàng này vẫn không đáp ứng mức vốn tối thiểu 8% theo chuẩn mực của Basel II. Hiện nay, tỷ lệ an toàn vốn tối thiểu (CAR) theo chuẩn mực vốn Basel I bình quân của 4 ngân hàng thương mại Nhà nước đã sát mức tối thiểu theo quy định (9,4%), thấp hơn so với mức bình quân chung của hệ thống các tổ chức tín dụng trong nước (13%).</p><p class=\"ql-align-justify\">Để đáp ứng được chủ trương và mục tiêu Chính phủ đề ra đồng thời đảm bảo sự an toàn hoạt động của hệ thống, 4 ngân hàng này (Vietcombank, Vietinbank, BIDV, Agribank) cho rằng rất cần sự hỗ trợ từ phía Nhà nước trong việc thực hiện phương án nâng vốn điều lệ mà các ngân hàng đã xây dựng.</p><p class=\"ql-align-justify\">Hiệp hội Ngân hàng Việt Nam cho rằng: Bốn ngân hàng thương mại Nhà nước nói trên hiện có tổng tài sản và dư nợ tín dụng chiếm thị phần trên dưới 50% toàn hệ thống ngân hàng. Những năm qua, mặc dù các ngân hàng này không được Nhà nước cấp bổ sung vốn nhưng vẫn cố gắng mở rộng tín dụng để đáp ứng nhu cầu vốn của nền kinh tế. Nếu không tăng được vốn điều lệ, các ngân hàng này sẽ phải giảm tốc độ tăng trưởng tín dụng, ảnh hưởng tiêu cực đến khả năng cung ứng vốn phục vụ nền kinh tế, từ đó có thể ảnh hưởng tới tăng trưởng kinh tế...</p><p class=\"ql-align-justify\">Cũng như 3 ngân hàng thương mại Nhà nước còn lại, BIDV rất mong được Nhà nước cho phép giữ lại lợi nhuận hàng năm hoặc chia phần cổ tức của Nhà nước bằng cổ phiếu để tăng vốn, giải quyết phần nào những khó khăn, vướng mắc, cản trở hiện nay.</p><p><br></p>',2,'2019-06-16 21:35:04',15,130,0),(26,'4 đô thị nhận khoản hỗ trợ 194 triệu USD từ World Bank','img/news-955974305.jpg','Dự án nhằm hỗ trợ phát triển cơ sở hạ tầng thiết yếu và tăng cường năng lực quy hoạch tại bốn đô thị vừa của Việt Nam.','<h2><strong>Dự án nhằm hỗ trợ phát triển cơ sở hạ tầng thiết yếu và tăng cường năng lực quy hoạch tại bốn đô thị vừa của Việt Nam.</strong></h2><p class=\"ql-align-center\"><img src=\"https://cdn.baogiaothong.vn/upload/images/2019-2/article_img/2019-06-12/289-1560322039-width1004height565.jpg\" alt=\"Keyword đầu tiên có dấu\" width=\"700\" height=\"500\"></p><p class=\"ql-align-center\"><em><span class=\"ql-cursor\">﻿</span>Một góc thành phố Hải Dương (Nguồn: haiduong.gov.vn)</em></p><p class=\"ql-align-justify\">Ban Giám đốc Điều hành Ngân hàng Thế giới (WB) cho biết, vừa phê duyệt khoản tín dụng trị giá 194,36 triệu USD nhằm hỗ trợ bốn đô thị vừa của Việt Nam xây dựng một số cơ sở hạ tầng thiết yếu và tăng cường năng lực quy hoạch đô thị.</p><p class=\"ql-align-justify\">Dự án Phát triển Tổng hợp Đô thị Động lực có mục tiêu tăng cường khả năng tiếp cận và cải thiện dịch vụ đô thị ở bốn đô thị Kỳ Anh (tỉnh Hà Tĩnh), Tĩnh Gia (tỉnh Thanh Hóa), Hải Dương (tỉnh Hải Dương), và Yên Bái (tỉnh Yên Bái). Các hoạt động của dự án dự kiến sẽ trực tiếp mang lại lợi ích cho khoảng 200.000 cư dân, trong đó hơn nửa là phụ nữ.</p><p class=\"ql-align-justify\">Bên cạnh đó, dự án sẽ giúp giảm thiểu nguy cơ lũ lụt, cải thiện điều kiện vệ sinh môi trường, giảm thời gian đi lại của người dân trên những tuyến đường được cải tạo và xây mới, đồng thời hỗ trợ xây dựng các không gian công cộng chất lượng cao. Ngoài ra, cũng giúp cải thiện kết nối tới các khu công nghiệp, khu chế xuất, trung tâm thương mại và các điểm tham quan du lịch, qua đó mang lại lợi ích cho người lao động, thương nhân cũng như du khách. Những cải thiện hạ tầng này được kỳ vọng sẽ góp phần nâng cao năng suất, thúc đẩy xuất khẩu, tạo thêm việc làm và giúp các đô thị tăng trưởng kinh tế bền vững.</p><p class=\"ql-align-justify\">Tổng chi phí dự án là 276,17 triệu USD, trong đó 194,36 triệu USD sẽ được tài trợ từ nguồn vốn của Hiệp hội Phát triển Quốc tế (IDA).</p><p class=\"ql-align-justify\">“Các đô thị có vai trò ngày càng quan trọng đối với các đầu tầu tăng trưởng của Việt Nam thông qua việc dịch chuyển hàng hóa, con người, dịch vụ và thông tin một cách hiệu quả. Dự án sẽ hỗ trợ tài chính để đầu tư xây dựng các công trình có chất lượng dựa trên những bài học và thực tiễn tốt từ những hoạt động tương tự của Ngân hàng Thế giới tại các đô thị khác trên thế giới” - ông Ousmane Dione, Giám đốc Quốc gia Ngân hàng Thế giới tại Việt Nam cho biết.</p><p class=\"ql-align-justify\">Một vấn đề lớn ở các đô thị nói trên là mức độ tiếp cận không đồng đều tới các dịch vụ cơ bản, bao gồm hệ thống thoát nước, thu gom và xử lý nước thải, và mạng lưới đường bộ. Điều này dẫn đến việc tắc nghẽn giao thông, lũ lụt ngày càng gia tăng, và sự xuống cấp hoặc thiếu hụt không gian công cộng. Bên cạnh đó, cả bốn đô thị đều nằm ở ven biển hoặc ở miền núi, do đó dễ bị tổn thương bởi các nguy cơ về thiên tai cũng như ảnh hưởng của biến đổi khí hậu.</p><p class=\"ql-align-justify\">Dự án sẽ giúp giải quyết các vấn đề này thông qua hỗ trợ đầu tư kết cấu và phi kết cấu, bao gồm các khoản đầu tư cơ sở hạ tầng tại mỗi đô thị dự án, và hỗ trợ kỹ thuật để nâng cao năng lực của các đô thị trong việc lập quy hoạch đô thị một cách tích hợp và toàn diện, trong đó kết nối vấn đề phát triển hạ tầng với các chiến lược kinh tế - xã hội dài hạn, thích ứng với biến đổi khí hậu cũng như lập kế hoạch quản lý rủi ro thiên tai.</p><p><br></p> ',2,'2019-06-16 21:36:28',15,20,0),(27,'Cần gấp rút có một Uỷ ban chứng khoán Nhà nước thống nhất, độc lập','img/news-918973836.jpeg','Thị trường chứng khoán tăng trưởng rất nhanh nhưng cũng rủi ro rất lớn vì vậy đòi hỏi một cơ quan quản lý thống nhất, chuyên nghiệp và độc lập.','<h2><strong>Thị trường chứng khoán tăng trưởng rất nhanh nhưng cũng rủi ro rất lớn vì vậy đòi hỏi một cơ quan quản lý thống nhất, chuyên nghiệp và độc lập.</strong></h2><p class=\"ql-align-center\"><img src=\"https://cdn.baogiaothong.vn/upload/images/2019-2/article_img/2019-06-11/7eeabd87-8d21-4c87-bba1-88d7011e0f97-1560271115-width640height426.jpeg\" alt=\"Keyword đầu tiên có dấu\"></p><p class=\"ql-align-center\"><em><span class=\"ql-cursor\">﻿</span>Tiến sĩ Lê Xuân Nghĩa</em></p><p class=\"ql-align-justify\">Ủy ban kinh tế Quốc hội hiện đã thẩm định và đồng ý phương án cần phải có một Ủy ban Nhà nước thống nhất nhưng vẫn có những ý kiến trái chiều. Báo Giao thông đã trao đổi với Tiến sĩ Lê Xuân Nghĩa, Viện trưởng Viện Nghiên cứu Phát triển kinh doanh, nguyên Phó Chủ tịch Ủy ban Giám sát Tài chính Quốc Gia xung quanh vấn đề này.</p><p class=\"ql-align-justify\"><strong><em>Tại Điều 9 của dự thảo Luật chứng khoán sửa đổi quy định về vị trí, quyền hạn, nhiệm vụ của Ủy ban chứng khoán Nhà nước (UBCKNN), đồng thời cũng nhấn mạnh vai trò vị trí độc lập của UBCKNN. Vậy quan điểm của ông như thế nào về vấn đề này?</em></strong></p><p class=\"ql-align-justify\">Ngay từ khi ra đời với cái tên là UBCKNN đã hàm ý nó sẽ là một cơ quan độc lập, nhưng vì nhiều lý do cuối cùng nó lại trực thuộc Bộ Tài chính. UBCK Nhà nước liên quan trực tiếp đến những vấn đề về chuyên ngành cũng như liên ngành. Nhưng đây lại là cơ quan quản lý chuyên nghiệp về một bộ phận quan trọng của thị trường tài chính và cơ quan này bị chi phối bởi nhiều yếu tố phức tạp khác.</p><p class=\"ql-align-justify\">Cụ thể như như thị trường tiền tệ, thị trường hối đoái, thị trường vàng và thị trường hàng hóa... Đồng thời nó cũng bị chi phối bởi những tác động từ thị trường tài chính quốc tế và nhiều chính sách kinh tế khác. Hay nói cách khác UBCK Nhà nước liên quan trực tiếp đến an toàn và hiệu quả của thị trường tài chính trong quá trình phát triển.</p><p class=\"ql-align-justify\">Trong khi đó, Bộ Tài chính là cơ quan quản lý Ngân khố quốc gia mà đặc trưng là tài chính công, tài chính Chính phủ. Vì thế chúng tôi đã nhiều lần đề xuất UBCKNN lên một vị trí độc lập. Với những hoạt động rất phức tạp và biến động từng giờ của thị trường chứng khoán có nhiều rủi ro lớn, trong khi ngân khố quốc gia coi trọng tính ổn định và an toàn là chính. Bởi vậy Bộ Tài chính không nên quản lý các định chế tài chính.</p><p class=\"ql-align-justify\"><strong><em>Vậy UBCK trực thuộc Bộ Tài Chính có những bất cập gì so với việc đứng độc lập? Kinh nghiệm của thế giới về vấn đề này?</em></strong></p><p class=\"ql-align-justify\">Như tôi đã nói, UBCKNN và Bộ Tài chính với cấu trúc tổ chức khác nhau, cơ quan quản lý với 2 triết lý hoàn toàn trái ngược nhau nên đòi hỏi các chuẩn mực giám sát an toàn rất khác nhau bởi vậy không thể chung nhau được.</p><p class=\"ql-align-justify\">Đây cũng là lý do chủ yếu mà hầu hết các nước trên thế giới duy trì tính độc lập, đặc thù của UBCK. Thị trường chứng khoán có tốc độ tăng trưởng rất nhanh và rủi ro rất lớn. Chẳng hạn GDP toàn cầu (kinh tế thực) có giá trị gần 60 ngàn tỷ USD, trong khi giá trị của thị trường tài chính toàn cầu (kinh tế ảo) lên tới trên 300 ngàn tỷ USD.</p><p class=\"ql-align-justify\">Đặc biệt thị trường phái sinh toàn cầu có tốc độ tăng chóng mặt, phái sinh lãi suất và hối đoái tăng 50-55%/năm, phái sinh chứng khoán có tốc độ tăng trên 60%/năm. Việc quản lý giám sát một thị trường như vậy là một thách thức lớn đòi hỏi một cơ quan quản lý thống nhất, chuyên nghiệp và độc lập.</p><p class=\"ql-align-justify\"><strong><em>Ông đánh giá thế nào về vai trò của TTCK Việt Nam?</em></strong></p><p class=\"ql-align-justify\">Thị trường chứng khoán Việt Nam có tốc độ tăng trưởng bình quân trên 20%/năm, thuộc nhóm tăng nhanh nhất thế giới trong 10 năm qua. Giá trị vốn hóa toàn thị trường đã đạt 70% GDP, dự báo với tốc độ tăng như trên trong vòng 10 năm tới giá trị vốn hóa có thể gấp 2 lần GDP.</p><p class=\"ql-align-justify\">Mặt khác thị trường chứng khoán Việt Nam ngày càng hội nhập sâu vào thị trường tài chính quốc tế với sự tham gia ngày càng nhiều của các nhà đầu tư nước ngoài và các chuẩn mực tài chính quốc tế. Đây là những yếu tố khiến cho cấu trúc thị trường ngày càng phức tạp, kỹ thuật giao dịch, thanh toán, giám sát ngày càng hiện đại và tác động của thị trường tài chính quốc tế ngày càng lớn và biến động rất khó lường.</p><p class=\"ql-align-justify\">Điều này đòi hỏi phải có một cơ quan quản lý thị trường tập trung, chuyên sâu và độc lập đủ khả năng kiểm soát và ứng phó nhanh nhạy với những biến động của thị trường tài chính. Chỉ có tồn tại độc lập, tập trung và trực thuộc Chính phủ, UBCK Nhà nước mới có đủ địa vị pháp lý, năng lực thể chế và nguồnlực để đầu tư, nâng cấp hệ thống quản lý, giám sát và thanh toán, đáp ứng đòi hỏi ngày càng cao của thị trường.</p><p class=\"ql-align-justify\"><strong><em>Liệu UBCKNN tồn tại độc lập có phải là một đòi hỏi của cải cách thể chế đang diễn ra rất mạnh ở Việt Nam không thưa ông?</em></strong></p><p class=\"ql-align-justify\">Đúng thế, cải cách thể chế là để nâng cao năng lực thể chế (quản lý, giám sát, xử lý khủng hoảng….). Như trên đã phân tích thị trường chứng khoán Việt Nam đang phát triển rất nhanh cả về hàng hóa, cấu trúc thị trường và hệ thống thanh toán đòi hỏi phải nâng cao nhanh chóng năng lực thể chế quản lý theo hướng tập trung, thống nhất và chuyên nghiệp tiệm cận với chuẩn mực quốc tế tránh tình trạng ngập ngừng, nửa vời và bất cập như hiện nay.</p><p class=\"ql-align-justify\">Cũng không nên ngần ngại việc tăng thêm một cơ quan trực thuộc Chính phủ nếu điều đó là cần thiết. UBCKNN Việt Nam đã trở thành thành viên của Tổ chức Quốc tế về Cơ quan Quản lý Chứng khoán (IOSCO). IOSCO có bộ tiêu chuẩn riêng về UBCK và các chuẩn mực thanh tra, giám sát, quản lý khủng hoảng.</p><p class=\"ql-align-justify\">Một UBCKNN độc lập mới có đủ điều kiện pháp lý và nguồn lực để áp dụng các chuẩn mực nói trên đảm bảo cho việc phát triển thị trường chứng khoán an toàn, hiệu quả. Báo cáo đánh giá khu vực tài chính của Ngân hàng Thế giới và Quỹ Tiền tệ Quốc tế cũng đề xuất Việt Nam nên sớm cải tổ cơ quan quản lý chứng khoán theo hướng tập trung, thống nhất và độc lập để đáp ứng nhu cầu phát triển và hội nhập ngày càng sâu rộng của thị trường chứng khoán.</p><p><br></p>',2,'2019-06-16 21:38:29',14,149,0),(28,'18 quỹ rót 425 triệu USD đầu tư start-up Việt','img/news-709835643.jpg','Tổng số 18 quỹ đã ký cam kết đầu tư tổng số 425 triệu USD (khoảng 10.000 tỷ đồng) cho các start-up Việt trong thời gian 3 năm.','<h2><strong>Tổng số 18 quỹ đã ký cam kết đầu tư tổng số 425 triệu USD (khoảng 10.000 tỷ đồng) cho các start-up Việt trong thời gian 3 năm.</strong></h2><p class=\"ql-align-center\"><img src=\"https://cdn.baogiaothong.vn/upload/images/2019-2/article_img/2019-06-10/start-up-425-ty-usd-1560156907-width650height406.jpg\" alt=\"Keyword đầu tiên có dấu\"></p><p class=\"ql-align-center\"><em><span class=\"ql-cursor\">﻿</span>18 quỹ rót 425 triệu đô đầu tư start-up Việt</em></p><p class=\"ql-align-justify\">Đây là con số được công bố tại Diễn đàn Diễn đàn Quỹ Đầu tư khởi nghiệp sáng tạo Việt Nam (Vietnam Venture Summit 2019) hôm nay tại Hà Nội.</p><p class=\"ql-align-justify\">Diễn đàn với hơn 100 quỹ đầu tư quốc tế có mặt tại Vietnam Ventures Summit 2019, có 18 quỹ ký cam kết rót vốn cho các Start-up Việt Nam.</p><p class=\"ql-align-justify\">Cụ thể, Quỹ đầu tư DT&amp;I Hàn Quốc quyết định sẽ đầu tư cho start-up Propzy số tiền 1,4 triệu USD trong quý II năm nay; Quỹ VinaCap hợp tác chiến lược với 2 Quỹ đầu tư khác của Hàn Quốc cùng “rót” 100 triệu USD cho các start-up tại Việt Nam trong vòng 3 năm tới; Golden Gate Ventures sẽ ký kết đầu tư start-up và các tổ chức trong hệ sinh thái khởi nghiệp đổi mới sáng tạo ở Việt Nam trong vòng 3 năm...</p><p class=\"ql-align-justify\">18 quỹ đã ký cam kết đầu tư tổng số 425 triệu USD (khoảng 10.000 tỷ đồng) cho các start-up Việt trong thời gian 3 năm.</p><p><br></p>',2,'2019-06-16 21:40:03',15,463,0),(31,'Đặc sản vải thiều vào suất ăn VIP của Vietnam Airlines','img/news-587826407.jpg','(PLO)-Đại diện Vietnam Airlines cho biết hãng đã đưa vải thiều Lục Ngạn (Bắc Giang) lên khay suất ăn của hành khách hạng thương gia trên các chuyến bay giữa Hà Nội - TP. HCM và các chuyến bay quốc tế xuất phát từ hai thành phố này.','<p><a href=\"https://image.plo.vn/w653/Uploaded/2019/yqxwpmrnw/2019_06_17/vai-thieu11jpg_agcb.jpg\" target=\"_blank\" style=\"color: red; background-color: initial;\"><img src=\"https://image.plo.vn/w653/Uploaded/2019/yqxwpmrnw/2019_06_17/vai-thieu11jpg_agcb.jpg\" alt=\"Đặc sản vải thiều vào suất ăn VIP của Vietnam Airlines\"></a></p><p class=\"ql-align-justify\"><strong>(PLO)-Đại diện Vietnam Airlines cho biết hãng đã đưa vải thiều Lục Ngạn (Bắc Giang) lên khay suất ăn của hành khách hạng thương gia trên các chuyến bay giữa Hà Nội - TP. HCM và các chuyến bay quốc tế xuất phát từ hai thành phố này.</strong></p><p><br></p><p class=\"ql-align-justify\">Đại diện Vietnam Airlines chia sẻ, việc đưa đặc sản các vùng miền vào thực đơn nằm trong chiến dịch dài hạn “Bốn mùa cây trái - Bốn mùa yêu thương” của hãng. Qua đó giới thiệu đặc sản trái cây ngọt ngào của quê hương đến với các hành khách trong và ngoài nước. Đây cũng là dịp để hãng mở rộng hợp tác với các doanh nghiệp, địa phương trong việc quảng bá nông sản Việt với thực khách thế giới.</p><p class=\"ql-align-justify\">Theo đó hãng đặt ra tiêu chí hàng đầu là đảm bảo tiêu chuẩn vệ sinh&nbsp;<a href=\"https://plo.vn/tags/IEFuIFRvw6BuIFRo4buxYyBQaOG6qW0=/an-toan-thuc-pham.html\" target=\"_blank\" style=\"color: rgb(0, 0, 0);\">an toàn thực phẩm</a>, đặc biệt chú trọng đến xuất xứ của trái cây được cung cấp trên chuyến bay. Vải được phục vụ cho hành khách có nguồn gốc từ những vùng trồng theo tiêu chuẩn VietGAP tại xứ sở vải thiều Lục Ngạn, Bắc Giang.</p><p class=\"ql-align-justify\"><a href=\"https://image.plo.vn/w800/Uploaded/2019/yqxwpmrnw/2019_06_17/vai-vao-thuc-don-vietnamairlines-1_fyzp.jpg\" target=\"_blank\" style=\"color: rgb(0, 0, 0); background-color: initial;\"><img src=\"https://image.plo.vn/w800/Uploaded/2019/yqxwpmrnw/2019_06_17/vai-vao-thuc-don-vietnamairlines-1_fyzp.jpg\" alt=\"Đặc sản vải thiều vào suất ăn VIP của Vietnam Airlines - ảnh 1\" width=\"747\" style=\"\"></a></p><p class=\"ql-align-justify\"><em style=\"background-color: initial;\">Vải thiều Lục Ngạn, Bắc Giang chính thức lên khay thức ăn thương gia của Vietnam Airlines.&nbsp;</em></p><p class=\"ql-align-justify\">Với thế mạnh phát triển trồng trọt cây ăn quả, cùng hệ thống công nghệ kỹ thuật chế biến chất lượng cao theo tiêu chuẩn quốc tế, vải thiều Lục Ngạn đã và đang được nhiều thị trường nước ngoài như Mỹ, Hàn Quốc, Nhật Bản, Singapore,… đánh giá cao và lựa chọn nhập khẩu.</p><p class=\"ql-align-justify\">Để đảm bảo độ tươi ngon nhất của trái cây trên khay suất ăn của thực khách, quả vải sẽ phải qua quy trình thu hoạch và kiểm định khắt khe. Vải phải được hái từ sáng sớm và trong vòng một giờ sau khi ngắt khỏi cây, vải được nhúng vào nước lạnh có nhiệt độ từ 2-4 độ C trong vòng hai phút.</p><p class=\"ql-align-justify\">Tiếp theo, vải được sơ chế, phân loại và đóng ngay vào thùng xốp cách nhiệt có đá giữ lạnh, vận chuyển đến Công ty suất ăn hàng không Nội Bài (NCS). Tại đây, các nhân viên của NCS tiến hành chọn lọc vải một lần nữa, ngâm khử trùng, giữ lạnh cho đến khi cấp trên chuyến bay.</p><p class=\"ql-align-justify\">Theo ghi nhận, trong vòng một năm qua, Vietnam Airlines đã giới thiệu và phục vụ hành khách trên chuyến bay nhiều loại quả đặc sản của Việt Nam như nhãn lồng Hưng Yên, cam Cao Phong (Hoà Bình), xoài cát Hoà Lộc, dưa lưới Tây Ninh, thanh long Bình Thuận,…</p><p class=\"ql-align-justify\">Sự thay đổi luân phiên các loại trái cây phong phú theo mùa làm phong phú thực đơn, mang đến cho hành khách thêm lựa chọn trong mỗi bữa ăn và còn là cầu nối giới thiệu các sản vật tự nhiên của Việt Nam đến với du khách quốc tế.</p><p><br></p>',2,'2019-06-17 15:41:56',9,12,0),(32,'Sơn La có những đặc sản gì lạ miệng?','img/news-918945562.jpg','Những đặc sản của người dân tộc trên Sơn La vừa lạ miệng lại lạ tên, du khách đến nơi đây sẽ thấy vô cùng thú vị khi thưởng thức.   ','<p><strong>Những&nbsp;</strong><a href=\"https://thoidai.com.vn/hue-co-dac-san-noi-tieng-gi-79638.html\" target=\"_blank\"><strong>đặc sản</strong></a><strong>&nbsp;của người dân tộc trên Sơn La vừa lạ miệng lại lạ tên, du khách đến nơi đây sẽ thấy vô cùng thú vị khi thưởng thức.&nbsp;&nbsp;</strong></p><p><br></p><h1 class=\"ql-align-justify\"><strong>Đặc sản lạ miệng của Sơn La</strong></h1><p class=\"ql-align-justify\"><strong>Hỏi:</strong></p><p class=\"ql-align-justify\">Sơn La có những&nbsp;<a href=\"https://thoidai.com.vn/tay-ninh-noi-tieng-voi-nhung-dac-san-gi-79614.html\" target=\"_blank\" style=\"color: blue;\"><strong>đặc sản</strong></a>&nbsp;gì lạ miệng?</p><p class=\"ql-align-justify\">A. Bắp cải cuốn thịt gà</p><p class=\"ql-align-justify\">B. Bắp cải cuốn thịt bò</p><p class=\"ql-align-justify\">C. Bắp cải cuốn nhót xanh</p><p class=\"ql-align-justify\">D. Bắp cải cuốn ớt xanh</p><p class=\"ql-align-justify\"><strong>Đáp án:</strong></p><p class=\"ql-align-justify\">C. Bắp cải cuốn nhót xanh</p><p class=\"ql-align-justify\">Bắp cải cuốn nhót xanh với vị chua gắt của nhót xanh, vị đắng của cải cùng sự cay nồng của chẳm chéo… có thể nói đây là một món không dễ ăn nếu được thưởng thức lần đầu. Đây là một trong những món đặc trưng của người Thái ở Sơn La, nguyên liệu vườn nhà rất dễ kiếm. Món này được ăn kèm với nước chấm chẳm chéo.</p><p><img src=\"https://thoidai.com.vn/stores/news_dataimages/trang.nguyen/062019/17/11/in_article/5125_1.jpg\" alt=\"son la co nhung dac san gi la mieng\"></p><p>Bắp cải cuốn nhót xanh (Ảnh: Dân Việt).</p><h2 class=\"ql-align-justify\"><strong>Món cá nướng của người dân tộc ở Sơn La</strong></h2><p class=\"ql-align-justify\"><strong>Hỏi:</strong></p><p class=\"ql-align-justify\">Món cá nướng của người dân tộc ở Sơn La tên là gì?</p><p class=\"ql-align-justify\">A. Pa pỉnh tộp</p><p class=\"ql-align-justify\">B. Pa pỉnh pộp</p><p class=\"ql-align-justify\">C. Pa pỉnh sộp</p><p class=\"ql-align-justify\">D. Pa pỉnh nộp</p><p class=\"ql-align-justify\"><strong>Đáp án:</strong></p><p class=\"ql-align-justify\">A. Pa tỉnh tộp</p><p class=\"ql-align-justify\">Khi đến với Sơn La, du khách sẽ được chiêu đãi món cá nướng với tên gọi rất thú vị: Pa pỉnh tộp – cá gập nướng. Không như cá nướng ở dưới đồng bằng, cá nướng ở đây thơm mùi mắc khén đặc trưng. Theo người dân kể lại, bà con dân tộc Thái có quan niệm khi đứa trẻ được sinh ra đã được người mẹ lấy đũa gắp miếng cá nướng chấm vào miệng đứa bé để chúng được hưởng miếng cá mà lớn khôn.</p><p><img src=\"https://thoidai.com.vn/stores/news_dataimages/trang.nguyen/062019/17/11/in_article/5128_2.jpg\" alt=\"son la co nhung dac san gi la mieng\"></p><p>Pa pỉnh tộp (Ảnh: Việt Nam mới).</p><h3 class=\"ql-align-justify\"><strong>Đặc sản nộm của Sơn La</strong></h3><p class=\"ql-align-justify\"><strong>Hỏi:</strong></p><p class=\"ql-align-justify\">Một loại nộm gì là&nbsp;<a href=\"https://thoidai.com.vn/hoi-an-noi-tieng-voi-nhung-dac-san-gi-79575.html\" target=\"_blank\" style=\"color: blue;\"><strong>đặc sản</strong></a>&nbsp;ở Sơn La?</p><p class=\"ql-align-justify\">A. Nộm da bò</p><p class=\"ql-align-justify\">B. Nộm da lợn</p><p class=\"ql-align-justify\">C. Nộm da gà</p><p class=\"ql-align-justify\">D. Nộm da trâu</p><p class=\"ql-align-justify\"><strong>Đáp án:</strong></p><p class=\"ql-align-justify\">D. Nộm da trâu</p><p class=\"ql-align-justify\">Người Thái ở Sơn La đã biến da trâu thành một món&nbsp;<a href=\"https://thoidai.com.vn/da-lat-co-dac-san-gi-noi-tieng-79354.html\" target=\"_blank\" style=\"color: blue;\"><strong>đặc sản</strong></a>&nbsp;không thể thiếu trong mâm cơm mỗi dịp đặc biệt, đó chính là món nộm da trâu. Mới đầu nhiều người cũng thấy ngại khi nghe tên, nhưng khi thưởng thức rồi du khách mới thấy cái hấp dẫn trong món ăn lạ kỳ này. Món này được ăn kèm với măng chua mang đến hương vị độc đáo.</p><p><img src=\"https://thoidai.com.vn/stores/news_dataimages/trang.nguyen/062019/17/11/in_article/5131_3.jpg\" alt=\"son la co nhung dac san gi la mieng\">Nộm da trâu (Ảnh: Du lịch).</p><h3 class=\"ql-align-justify\"><strong>Ẩm thực truyền thống của người dân tộc Dao ở Sơn La</strong></h3><p class=\"ql-align-justify\"><strong>Hỏi:</strong></p><p class=\"ql-align-justify\">Một loại&nbsp;<a href=\"https://thoidai.com.vn/tra-vinh-co-dac-san-gi-noi-tieng-79315.html\" target=\"_blank\" style=\"color: blue;\"><strong>đặc sản</strong></a>&nbsp;gì là ẩm thực truyền thống của người dân tộc Dao ở Sơn La?</p><p class=\"ql-align-justify\">A. Thịt chua</p><p class=\"ql-align-justify\">B. Thịt mặn</p><p class=\"ql-align-justify\">C. Thịt ngọt</p><p class=\"ql-align-justify\">D. Thịt cay</p><p class=\"ql-align-justify\"><strong>Đáp án:</strong></p><p class=\"ql-align-justify\">A. Thịt chua</p><p class=\"ql-align-justify\">Người Dao thường tiếp đãi khách đến chơi nhà bằng món thịt muối chua. Đây là sản phẩm ẩm thực truyền thống của người dân tộc Dao vùng Tây Bắc, đặc sản này thường được thưởng thức vào dịp lễ, Tết, cưới xin hay có khách quý đến nhà chơi. Thịt chua thường được ăn kèm lá chát, lá lốt.</p><p><img src=\"https://thoidai.com.vn/stores/news_dataimages/trang.nguyen/062019/17/11/in_article/5134_4.jpg\" alt=\"son la co nhung dac san gi la mieng\">Thịt chua (Ảnh: Du lịch).</p><p class=\"ql-align-justify\"><strong>Hỏi:</strong></p><p class=\"ql-align-justify\">Một món ăn rất lạ chỉ để tiếp đãi khách quý của Sơn La là gì?</p><p class=\"ql-align-justify\">A. Nầm pịa</p><p class=\"ql-align-justify\">B. Nậm pịa</p><p class=\"ql-align-justify\">C. Nấm pịa</p><p class=\"ql-align-justify\">D. Nẫm pịa</p><p class=\"ql-align-justify\"><strong>Đáp án:</strong></p><p class=\"ql-align-justify\">B. Nậm pịa</p><p class=\"ql-align-justify\">Nậm pịa là một món ăn rất lạ, nó được chế biến từ những nội tạng động vật như tiết bò hoặc tiết dê để đông, thêm vào đó là đuôi, dạ dày, cuống tim và chút thức ăn chưa tiêu hóa hết từ bên trong ruột non của con bò. Người Sơn La rất hiếu khách, chỉ khi có khách quý đến chơi mới mời món nậm pịa để tỏ lòng kính mến.</p><p><img src=\"https://thoidai.com.vn/stores/news_dataimages/trang.nguyen/062019/17/11/in_article/5139_5.jpg\" alt=\"son la co nhung dac san gi la mieng\"></p><p>Nậm pịa (Ảnh: Tự hào Việt Nam).</p><h3 class=\"ql-align-justify\"><strong>Đặc sản của suối Bàng ở Sơn La</strong></h3><p class=\"ql-align-justify\"><strong>Hỏi:</strong></p><p class=\"ql-align-justify\">Suối Bàng, Sơn La nổi tiếng với&nbsp;<a href=\"https://thoidai.com.vn/can-tho-noi-tieng-voi-dac-san-gi-79305.html\" target=\"_blank\" style=\"color: blue;\"><strong>đặc sản</strong></a>&nbsp;gì?</p><p class=\"ql-align-justify\">A. Ốc vặn</p><p class=\"ql-align-justify\">B. Ốc mít</p><p class=\"ql-align-justify\">C. Ốc nhồi</p><p class=\"ql-align-justify\">D. Ốc đá</p><p class=\"ql-align-justify\"><strong>Đáp án:</strong></p><p class=\"ql-align-justify\">D. Ốc đá</p><p class=\"ql-align-justify\">Ốc đá suối Bàng xuất hiện từ tháng 4 đến cuối tháng 8, tức là vào mùa mưa hàng năm ngoài Bắc. Khi thời tiết bắt đầu ẩm ướt thì loài ốc này thường bò ra để ăn lá cây. Các tháng còn lại thì chúng chỉ vùi mình trong những lớp lá dày đặc rụng bên dưới hoặc nằm im dưới đất, hầu như không thể thu hoạch được. Loại ốc đá đặc biệt này chỉ có ở những khu rừng rậm, nhiều cây cối, ẩm thấp. Một trong những món chế biến từ ốc đơn giản, nhanh chóng và không cầu kỳ chính là món ốc luộc của người Sơn La. Nếu du khách đã đến suối Bàng thăm hang Ma, thăm làng văn hóa của người Mường, thì nhớ đừng quên thưởng thức món ốc đặc sản núi đá này.</p><p><img src=\"https://thoidai.com.vn/stores/news_dataimages/trang.nguyen/062019/17/11/in_article/5142_6.jpg\" alt=\"son la co nhung dac san gi la mieng\"></p><p>Ốc đá (Ảnh: Youtube).</p><h3 class=\"ql-align-justify\"><strong>Món canh truyền thống của người Khơ Mú ở Sơn La</strong></h3><p class=\"ql-align-justify\"><strong>Hỏi:</strong></p><p class=\"ql-align-justify\">Món canh truyền thống nào của người Khơ Mú ở Sơn La?</p><p class=\"ql-align-justify\">A. Canh khoai sọ</p><p class=\"ql-align-justify\">B. Canh mọ</p><p class=\"ql-align-justify\">C. Canh lá khoai</p><p class=\"ql-align-justify\">D. Canh ốc</p><p class=\"ql-align-justify\"><strong>Đáp án:</strong></p><p class=\"ql-align-justify\">B. Canh mọ</p><p class=\"ql-align-justify\">Các món ăn dân tộc ở Sơn La nói chung và của người Khơ Mú nói riêng hầu hết nguyên liệu được lấy từ cây rừng, ao vườn, ruộng đồng do những bàn tay khéo léo của các bà nội trợ chế biến thành món ăn đặc sản thơm ngon. Trong đó, món canh mọ không thể thiếu vào ngày tết Mạz chiêng truyền thống.</p><p class=\"ql-align-justify\">Ngoài ra, người Thái cũng thường làm món mọ gà, du khách sẽ được thưởng thức một món canh đặc sánh, sền sệt, ăn với xôi hoặc cơm lam cũng rất hấp dẫn.</p><p><img src=\"https://thoidai.com.vn/stores/news_dataimages/trang.nguyen/062019/17/11/in_article/5144_7.jpg\" alt=\"son la co nhung dac san gi la mieng\"></p><p><span class=\"ql-cursor\">﻿</span>Canh mọ (Ảnh: Tự hào Việt Nam).</p>',2,'2019-06-17 15:47:19',9,410,0),(33,'Vietnam Airlines tiếp tục đưa vải thiều Lục Ngạn lên máy bay','img/news-517662129.jpg','Hành khách đi máy bay sẽ có cơ hội thưởng thức đặc sản vải thiều Lục Ngạn (Bắc Giang) trên các chuyến bay của Vietnam Airlines.','<h2><strong>Hành khách đi máy bay sẽ có cơ hội thưởng thức đặc sản vải thiều Lục Ngạn (Bắc Giang) trên các chuyến bay của Vietnam Airlines.</strong></h2><p class=\"ql-align-justify\">Ngày 17/6, đại diện Vietnam Airlines cho biết hãng tiếp tục đưa đặc sản vải thiều lên các chuyến bay phục vụ hành khách. Mục đích việc này nhằm tạo cơ hội để Vietnam Airlines mở rộng hợp tác với các doanh nghiệp, địa phương trong việc quảng bá nông sản Việt với thế giới.</p><p class=\"ql-align-justify\">Theo đó, hành khách hạng thương gia trên các chuyến bay giữa Hà Nội - TP.HCM và các chuyến bay quốc tế xuất phát từ hai thành phố này sẽ có cơ hội thưởng thức loại đặc sản này.</p><p class=\"ql-align-justify\"><em><img src=\"https://image1.thegioitiepthi.vn/2019/06/17/vna-vai-thieu-1.jpg\" width=\"726\" style=\"\"></em></p><p class=\"ql-align-justify\"><em><span class=\"ql-cursor\">﻿</span>Vải thiều Lục Ngạn sẽ được đưa lên phục vụ hành khách trên các chuyến bay. Ảnh:&nbsp;</em><strong><em>Vietnam Airlines</em></strong></p><p class=\"ql-align-justify\">Được biết, Vietnam Airlines đặc biệt chú trọng đến xuất xứ của trái cây được cung cấp trên chuyến bay. Vải được phục vụ cho hành khách có nguồn gốc từ những vùng trồng theo tiêu chuẩn VietGAP tại xứ sở vải thiều Lục Ngạn, Bắc Giang.</p><p class=\"ql-align-justify\">Với thế mạnh phát triển trồng trọt cây ăn quả, cùng hệ thống công nghệ kỹ thuật chế biến chất lượng cao theo tiêu chuẩn quốc tế, vải thiều Lục Ngạn đã và đang được nhiều thị trường nước ngoài như Mỹ, Hàn Quốc, Nhật Bản, Singapore… đánh giá cao và lựa chọn nhập khẩu.</p><p class=\"ql-align-justify\">Để đảm bảo độ tươi ngon nhất của trái cây trên khay suất ăn của thực khách, quả vải sẽ phải qua quy trình thu hoạch và kiểm định khắt khe. Vải phải được hái từ sáng sớm và trong vòng 1 giờ sau khi ngắt khỏi cây, vải được nhúng vào nước lạnh có nhiệt độ từ 2-4 độ C trong vòng 2 phút.</p><p class=\"ql-align-justify\">Tiếp theo, vải được sơ chế, phân loại và đóng ngay vào thùng xốp cách nhiệt có đá giữ lạnh, vận chuyển đến Công ty suất ăn hàng không Nội Bài (NCS). Tại đây, các nhân viên của NCS tiến hành chọn lọc vải một lần nữa, ngâm khử trùng, giữ lạnh cho đến khi cấp trên chuyến bay.</p><p class=\"ql-align-justify\">Trong vòng một năm qua, Vietnam Airlines đã giới thiệu và phục vụ hành khách trên chuyến bay nhiều loại quả đặc sản của Việt Nam như nhãn lồng Hưng Yên, cam Cao Phong - Hoà Bình, xoài cát Hoà Lộc, dưa lưới Tây Ninh, thanh long Bình Thuận…</p><p><br></p>',2,'2019-06-17 15:49:35',9,22,0),(34,'Uruguay đại thắng khi ra quân tại Copa America','img/news-143821660.jpg','Rạng sáng 17/6, Uruguay đã có trận ra quân đầy thuận lợi tại Copa America 2019 khi đối đầu với Ecuador. Sau Brazil và Argentina, đội bóng áo xanh da trời chính là ứng cử viên nặng ký thứ 3 cho chức vô địch giải đấu cao nhất Nam Mỹ.','<h2 class=\"ql-align-justify\">(ĐCSVN) – Rạng sáng 17/6, Uruguay đã có trận ra quân đầy thuận lợi tại Copa America 2019 khi đối đầu với Ecuador. Sau Brazil và Argentina, đội bóng áo xanh da trời chính là ứng cử viên nặng ký thứ 3 cho chức vô địch giải đấu cao nhất Nam Mỹ.</h2><p class=\"ql-align-center\"><span style=\"background-color: transparent;\"><img src=\"http://cpv.org.vn/DATA/0/2019/06/gettyimages_1150328384_612x612_8249_1560729149-10_51_07_637.jpg\" width=\"500px\"></span></p><p class=\"ql-align-center\"><span style=\"color: rgb(0, 112, 192); background-color: transparent;\">Uruguay có chiến thắng 4 sao trước Ecuador trong ngày ra quân tại Copa America. (Ảnh: Reuters)</span></p><p class=\"ql-align-justify\"><span style=\"background-color: transparent;\">Với những ngôi sao đang chơi bóng tại các CLB hàng đầu châu Âu, Uruguay đương nhiên được đánh giá cao hơn rất nhiều so với Ecuador. Ngay từ những phút đầu tiên, các học trò của HLV Oscar Tabarez đã nhanh chóng tràn lên phần sân đối phương. Lối chơi tốc độ và kỹ thuật của đại diện quen thuộc tại các kỳ World Cup khiến Ecuador rơi vào trạng thái mất bình tĩnh và liên tục mắc sai lầm trong phòng ngự. Ngay phút thứ 6, sau một pha độc diễn đầy ngẫu hứng trong vòng cấm, Nicolas Lodeiro mở tỷ số cho Uruguay bằng cú sút chéo góc.</span></p><p class=\"ql-align-justify\"><span style=\"background-color: transparent;\">Trong bối cảnh phải gồng mình chống đỡ các đợt lên bóng được dàn trải bởi cặp trọng pháo Cavani-Suarez, Ecuador tiếp tục nhận thiệt hại ở phút 24. Sau một pha nhảy lên tranh chấp cùng Lodeiro, Jose Quinteros nhận thẻ vàng khi cố ý vung tay vào mặt tiền đạo Uruguay. Tuy nhiên, sau khi tham khảo VAR, trọng tài Daronco người Brazil đã quyết định rút thẻ đỏ trực tiếp đối với hậu vệ của Ecuador.</span></p><p class=\"ql-align-justify\"><span style=\"background-color: transparent;\">Kể từ lúc này, đội quân của chiến lược gia Hernan Gomez chỉ còn biết chạy theo bóng và tập trung quân số ở khu vực 16m50. Trong sơ đồ 4-3-1-2, Uruguay chơi cực kỳ biến ảo với sự cơ động của Cavani. Tiền đạo đang khoác áo PSG đã có 2 pha dứt điểm nguy hiểm liên tiếp nhưng không thắng được thủ thành Dominguez. Nhưng tới phút 33, sau pha đánh đầu chuyền bóng của đội trưởng Diego Godin, Cavani đã nhân đôi cách biệt bằng cú tung người móc bóng đẹp mắt.</span></p><p class=\"ql-align-justify\"><span style=\"background-color: transparent;\">Thừa thắng xông lên, Uruguay có bàn thắng thứ 3 do công của Suarez ở phút 44. Từ một tình huống lộn xộn trong vòng cấm Ecuador, ngôi sao của Barcelona nhanh chân sút tung lưới Dominguez từ cự ly rất gần. Đội bóng có biệt danh “La Celeste” đã có một hiệp đấu xuất sắc, áp đảo và làm chủ mọi diễn biến trên sân vận động Estadio Mineirao.</span></p><p class=\"ql-align-justify\"><span style=\"background-color: transparent;\">Sang hiệp 2, Uruguay chủ động làm giảm tốc độ trận đấu để giữ sức. Trong khi đó, Ecuador cũng không đủ lực để áp sát khung thành đối phương. Trận đấu giằng co đến phút 78, thời điểm phần lớn thời gian trận đấu đã bị đẩy vào những pha tranh chấp ở giữa sân. Trong một nỗ lực lao về cản phá, cú chạm bóng của Arturo Mina vô tình đưa bóng vào góc cao khung thành đội nhà. Bàn phản lưới này đã chính thức khép lại mọi nỗ lực của đội quân áo vàng, đồng thời giúp Uruguay trở thành đội thắng đậm nhất kể từ đầu giải Copa America năm nay.</span></p><p class=\"ql-align-justify\"><span style=\"background-color: transparent;\">Ở trận đấu còn lại cũng diễn ra vào rạng sáng 17/6, Paraguay đánh rơi chiến thắng một cách đáng tiếc khi đấu với Qatar. Đại diện Nam Mỹ có 2 bàn dẫn trước do công của Oscar Cardozo và Derlis Gonzalez. Tuy nhiên, trong hiệp 2, lần lượt Almoez Ali và Boualem Khoukhi lập công giúp đội chủ nhà của VCK World Cup 2022 giành lại 1 điểm ở ngày ra quân./.</span></p><p><br></p>',2,'2019-06-17 15:52:39',20,164,0),(35,'Messi giục đồng đội gượng dậy sau thất bại tại Copa America','img/news-083905803.jpg','Sau thất bại trước Colombia ở trận ra quân Copa America 2019, Lionel Messi đã kêu gọi toàn đội nỗ lực hơn nữa để tự định đoạt số phận của mình trong 2 trận đấu cuối với Paraguay và Qatar.','<p class=\"ql-align-justify\"><strong style=\"background-color: transparent;\">Sau thất bại trước Colombia ở trận ra quân Copa America 2019, Lionel Messi đã kêu gọi toàn đội nỗ lực hơn nữa để tự định đoạt số phận của mình trong 2 trận đấu cuối với Paraguay và Qatar.</strong></p><p><strong style=\"background-color: transparent;\"><em><img src=\"http://vnmedia.vn/dataimages/201906/original/images2346343_messi_3.jpg\" alt=\"Nỗi thất vọng của Messi khi Argentina để thua Colombia\"></em></strong></p><p><strong style=\"background-color: transparent; color: rgb(0, 0, 255);\"><em><span class=\"ql-cursor\">﻿</span></em></strong><em style=\"background-color: transparent; color: rgb(0, 0, 255);\">Nỗi thất vọng của Messi khi Argentina để thua Colombia</em></p><p class=\"ql-align-justify\">Argentina đã có sự khởi đầu tệ hại tại Copa America 2019 khi lần đầu để thua Colombia sau 12 năm. Messi và đồng đội tạo ra không ít cơ hội nhưng không tài nào ghi được bàn vào lưới đối thủ.</p><p class=\"ql-align-justify\">Trong khi đó, hàng thủ chơi dưới sức và để Roger Martinez và Duvan Zapata lần lượt chọc thủng lưới và giành kết quả chung cuộc thắng 2-0.</p><p class=\"ql-align-justify\">Như thường lệ khi Argentina không có kết quả tốt, người được nhắc tới đầu tiên là Lionel Messi. Thực tế “sóc nhỏ” đã thi đấu không tồi nhưng trong một ngày hàng tiền vệ hoàn toàn bị lép vế trước sức mạnh của Colombia, Messi và cả Aguero đều bị chia cắt, “đói bóng” dẫn tới việc không có được những tình huống phối hợp đủ sắc sảo.</p><p class=\"ql-align-justify\">“Argentina nhập cuộc với một chút thận trọng và e ngại vì đây là trận đấu mở màn một giải quan trọng. Nhưng rốt cuộc kết quả lại thật tệ hại. Thua Colombia là điều chẳng ai mong muốn nhưng giờ không phải lúc ủ rũ, thất vọng, Argentina cần mạnh mẽ hơn và vượt qua khó khăn lúc này.</p><p class=\"ql-align-justify\">Argentina chẳng còn cách nào khác buộc phải đánh bại Paraguay và Qatar. Kết quả tốt trước 2 đối thủ này sẽ giúp chúng tôi vượt qua vòng bảng.”, Messi khẳng định.</p><p class=\"ql-align-justify\">May mắn cho Argentina ở trận đấu còn lại của bảng B, Paraguay đã bị Qatar cầm hòa 2-2. Điều đó có nghĩa là “The Albiceleste” vẫn còn cơ hội lớn vượt qua vòng bảng nếu đánh bại cả 2 đối thủ Paraguay và Qatar.</p><p class=\"ql-align-right\"><strong style=\"background-color: transparent;\">Đức Tiến</strong></p><p><br></p>',2,'2019-06-17 15:54:11',20,203,0),(36,'5 tiền vệ được MU lựa chọn khi Pogba tuyên bố ra đi','img/news-617146606.jpg','Việc Pogba công khai tuyên bố ý định rời MU khiến HLV Solskjaer phải tính đến việc tìm kiếm sự thay thế. 5 tiền vệ dưới đây có thể là mục tiêu của họ.','<p><strong>Việc Pogba công khai tuyên bố ý định rời MU khiến HLV Solskjaer phải tính đến việc tìm kiếm sự thay thế. 5 tiền vệ dưới đây có thể là mục tiêu của họ.</strong></p><p><a href=\"https://doanhnghiepvn.vn/the-thao/m-u-dam-phan-voi-real-pogba-chuan-bi-theo-chan-hazard/2019060910211214\" target=\"_blank\" style=\"color: rgb(102, 102, 102);\"><strong>M.U đàm phán với Real, Pogba chuẩn bị theo chân Hazard&nbsp;</strong></a>/&nbsp;<a href=\"https://doanhnghiepvn.vn/the-thao/paul-pogba-ha-quyet-dinh-roi-m-u/20190614011823650\" target=\"_blank\" style=\"color: rgb(102, 102, 102);\"><strong>Paul Pogba hạ quyết định rời M.U</strong></a></p><p>Paul Pogba được Real Madrid theo đuổi nhưng việc MU đòi mức phí 150 triệu bảng khiến thương vụ trở nên khó khăn. Tuy nhiên, một khi tiền vệ người Pháp quyết tâm ra đi, mọi chuyện có thể đơn giản hơn.</p><p><img src=\"http://media.doanhnghiepvn.vn/Images/Uploaded/Share/2019/06/17/5-tien-ve-duoc-MU-lua-chon-khi-Pogba-tuyen-bo-ra-di_1.jpg\" alt=\"5 tiền vệ được MU lựa chọn khi Pogba tuyên bố ra đi\"></p><p><em>Pogba thể hiện rõ ý định rời MU</em></p><p>Vậy nếu Pogba ra đi, ai sẽ thay thế anh ở MU? Dưới đây là 5 ứng cử viên có nhiều khả năng nhất mà Daily Mail và The Mirror đưa ra.</p><p><strong>Bruno Fernandes</strong></p><p>Fernandes được MU quan tâm ngay từ khi mùa giải chưa kết thúc. Anh đã công khai thừa nhận sẽ nói chuyện với Sporting Lisbon về việc ra đi nếu có một lời đề nghị.</p><p><img src=\"http://media.doanhnghiepvn.vn/Images/Uploaded/Share/2019/06/17/5-tien-ve-duoc-MU-lua-chon-khi-Pogba-tuyen-bo-ra-di_2.jpg\" alt=\"5 tiền vệ được MU lựa chọn khi Pogba tuyên bố ra đi\"></p><p><em>MU có thể mua Fernandes thay thế Pogba</em></p><p>Thách thức cho MU là Atletico Madrid cũng theo đuổi bằng cách trả giá 44,6 triệu bảng cho tiền vệ này. Do đó, họ phải nhanh chóng xúc tiến để đảm bảo thành công nếu thực sự là một ưu tiên. “Quỷ đỏ” chắc chắn sẽ có tiền từ việc bán Pogba.</p><p><strong>Adrien Rabiot</strong></p><p>Một giải pháp thay thế rẻ hơn là Rabiot, người tự do rời PSG, mặc dù tiền lương của anh sẽ khiến MU phải xem xét.</p><p><img src=\"http://media.doanhnghiepvn.vn/Images/Uploaded/Share/2019/06/17/5-tien-ve-duoc-MU-lua-chon-khi-Pogba-tuyen-bo-ra-di_3.jpg\" alt=\"5 tiền vệ được MU lựa chọn khi Pogba tuyên bố ra đi\"></p><p><em>Rabiot sẽ khiến MU tiêu tốn mức lương lớn</em></p><p>Rabiot không tốt như người đồng hương của mình, nhưng anh làm tăng số lượng cho hàng tiền vệ MU, đồng thời cũng còn trẻ, có khả năng phục vụ lâu dài.</p><p><strong>Youri Tielemans</strong></p><p>Tielemans gây ấn tượng với Leicester ở Premier League mùa trước khi được cho mượn từ Monaco.</p><p><img src=\"http://media.doanhnghiepvn.vn/Images/Uploaded/Share/2019/06/17/5-tien-ve-duoc-MU-lua-chon-khi-Pogba-tuyen-bo-ra-di_4.jpg\" alt=\"5 tiền vệ được MU lựa chọn khi Pogba tuyên bố ra đi\"></p><p><em>Tielemans là mục tiêu khả dĩ cho MU</em></p><p>Leicester thể hiện ý định mua đứt nhưng MU cũng nhanh chóng thực hiện hai lần tiếp cận cho tiền vệ người Bỉ trong những ngày vừa qua.</p><p>Tielemans ít quan tâm đến việc trở lại Pháp và ưu tiên chuyển hẳn sang Ngoại hạngs Anh.</p><p><strong>Christian Eriksen</strong></p><p>Eriksen tuyên bố sẽ sẵn sàng rời Tottenham vài tuần trước mà đích đến có thể là Real Madrid.</p><p><img src=\"http://media.doanhnghiepvn.vn/Images/Uploaded/Share/2019/06/17/5-tien-ve-duoc-MU-lua-chon-khi-Pogba-tuyen-bo-ra-di_5.jpg\" alt=\"5 tiền vệ được MU lựa chọn khi Pogba tuyên bố ra đi\"></p><p><em>MU cũng có thể quay sang Eriksen</em></p><p>Gia nhập MU sẽ không phải là một bước tiến liên quan đến chuyên môn khi đội bóng không dự Champions League, nhưng Eriksen có thể cảm thấy chuyển sang một CLB có tầm vóc lớn hơn - nơi anh kiếm được nhiều tiền hơn.</p><p><strong>Philippe Coutinho</strong></p><p>Coutinho nằm trong danh sách mong muốn của MU sau khi thất bại tại Barca và được đưa lên thị trường chuyển nhượng mùa hè này.</p><p><img src=\"http://media.doanhnghiepvn.vn/Images/Uploaded/Share/2019/06/17/5-tien-ve-duoc-MU-lua-chon-khi-Pogba-tuyen-bo-ra-di_6.jpg\" alt=\"5 tiền vệ được MU lựa chọn khi Pogba tuyên bố ra đi\"></p><p><em><span class=\"ql-cursor\">﻿</span>Coutinho là mục tiêu đắt đỏ nhất cho MU</em></p><p>Tất nhiên tiền vệ người Brazil sẽ khiến MU phải chi một số tiền khổng lồ bên cạnh mức phí chuyển nhượng không dưới 100 triệu bảng, khiến cho mục tiêu này trở nên đắt đỏ nhất trong danh sách.</p><p>Theo webthethao.vn</p>',2,'2019-06-17 15:55:38',20,352,0),(37,'Manchester United khổ vì lương','img/news-783835509.jpg','Cựu HLV Jose Mourinho nằng nặc đòi Phó giám đốc điều hành Ed Woodward mua cho được Alexis Sanchez từ Arsenal hồi tháng Giêng 2018. Sanchez...','<p class=\"ql-align-justify\">Cựu HLV Jose Mourinho nằng nặc đòi Phó giám đốc điều hành Ed Woodward mua cho được Alexis Sanchez từ Arsenal hồi tháng Giêng 2018. Sanchez tới Old Trafford với mức lương khủng, lên tới 500.000 bảng/tuần. Một mùa rưỡi trong màu áo “Quỷ đỏ”, tiền đè Sanchez đá không nỗi vì áp lực quá lớn. Tiền đạo Chilê có thể nói là bản hợp đồng đắt đỏ và tồi tệ nhất của Manchester United.</p><p><img src=\"http://cadn.com.vn/data_news/Image/2019/th6/ng17/88.jpg\" width=\"740\" style=\"\"></p><p><strong>Rashford (ảnh) đòi tăng lương mới chịu gia hạn hợp đồng.</strong></p><p class=\"ql-align-justify\">Chừng ấy chưa phải là nỗi khổ duy nhất của Ed Woodward vì nguy cơ vỡ quỹ lương. Mức lương trên trời của Sanchez trở thành cái cớ để các ngôi sao khác đòi tiền. Tiền đạo trẻ Marcus Rashford chơi hiệu quả hơn Sanchez rất nhiều dưới thời HLV Ole Gunnar Solskjaer nhiều lần yêu cầu được nâng lương mới ký gia hạn hợp đồng. Rashford chỉ còn 12 tháng nữa có thể ra đi tự do và anh đòi mức lương 350.000 bảng/tuần để ở lại CLB yêu thích. Nếu phía Manchester United không đáp ứng yêu cầu này thì khả năng sẽ bán đi để tránh mất trắng vào mùa hè năm sau. Hiện tại, Real Madrid và Barcelona đều sẵn sàng chi trả mức lương do Rashford yêu cầu. Khó cho “Quỷ đỏ” là mùa tới không dự Champions League nên doanh thu sẽ kém hơn rất nhiều mùa giải vừa qua khiến cho việc tăng lương căng thẳng.</p><p class=\"ql-align-justify\">Đâu chỉ có Rashford, thủ môn David De Gea cũng lấy Sanchez là thước đo để đòi tăng lương khi ký gia hạn hợp đồng. Thủ môn Tây Ban Nha cũng đòi mức lương như Rashford và hạn hợp đồng hiện tại cũng sẽ hết vào mùa hè 2020. Nếu Manchester United không chấp nhận mức lương mới cho thủ môn 28 tuổi này thì PSG đã dang tay đón anh về với bản hợp đồng lên tới 70 triệu bảng. Ed Woodward có mùa hè nhọc nhằn trong đàm phán với các cầu thủ hiện tại. Paul Pogba muốn gia nhập Real Madrid của HLV Zinedine Zidane và cách tốt nhất để giữ chân tuyển thủ Pháp ở lại Old Trafford là tăng lương.</p><p class=\"ql-align-justify\">HLV Solskjaer đang nỗ lực tìm kiếm những cầu thủ trẻ Manchester United mùa giải mới. Mục tiêu mới nhất là hậu vệ phải Denzel Dumfries của PSV với giá 25 triệu bảng. Harry Maguire của Leicester City, Thomas Meunier của PSG và Aaron Wan – Bissaka của Crystal Palace vẫn chưa thể chốt lại. Ngoài yếu tố mức giá chuyển nhượng quá cao lên tới 70 triệu bảng cho cầu thủ không tên tuổi như Bissaka thì Manchester United còn cân nhắc tránh vỡ quỹ lương.</p><p class=\"ql-align-right\"><strong><em>HƯNG NGUYÊN</em></strong></p><p><br></p>',2,'2019-06-17 15:57:06',20,222,0),(38,'PSG \'bật đèn xanh\' cho Neymar trở lại Barca','img/news-534245456.jpg','TPO - Nguồn tin từ tờ L\'Equipe cho hay, Paris Saint-Germain sẵn sàng để tiền đạo Neymar ra đi trong kỳ chuyển nhượng mùa Hè này nếu nhận được lời đề nghị hợp lý từ phía Barcelona hay bất cứ CLB nào.','<p><strong>TPO - Nguồn tin từ tờ L\'Equipe cho hay, Paris Saint-Germain sẵn sàng để tiền đạo Neymar ra đi trong kỳ chuyển nhượng mùa Hè này nếu nhận được lời đề nghị hợp lý từ phía Barcelona hay bất cứ CLB nào.</strong></p><p><a href=\"https://image.tienphong.vn/665x449/Uploaded/2019/qhj_hiobgobrfc/2019_06_17/neymar_1_ldfm.jpg\" target=\"_blank\" style=\"color: rgb(51, 51, 51);\"><img src=\"https://image.tienphong.vn/665x449/Uploaded/2019/qhj_hiobgobrfc/2019_06_17/neymar_1_ldfm.jpg\" alt=\"PSG \'bật đèn xanh\' cho Neymar trở lại Barca\"></a></p><p>Cách đây ít ngày, tờ Sport (Tây Ban Nha) thông tin về việc Neymar muốn chia tay PSG để trở lại khoác áo đội bóng cũ Barcelona. Nguyên nhân do chân sút người Brazil cảm thấy thất vọng khi đội chủ sân Công viên các Hoàng tử thi đấu không tốt tại Champions League.</p><p><br></p><p>Được biết, Neymar cảm thấy hối hận khi quyết định chia tay Barca cách đây 2 năm. Vì vậy, tiền đạo người Brazil muốn được “tái hôn” với gã khổng lồ xứ Catalan để có thể chinh phục chức vô địch Champions League. Đồng thời, giúp anh cạnh tranh danh hiệu Quả bóng vàng.&nbsp;</p><p class=\"ql-align-center\"><a href=\"https://image3.tienphong.vn/w665/Uploaded/2019/qhj_hiobgobrfc/2019_06_17/neymar_2_dgng.jpg\" target=\"_blank\" style=\"color: rgb(165, 10, 2);\"><img src=\"https://image3.tienphong.vn/w665/Uploaded/2019/qhj_hiobgobrfc/2019_06_17/neymar_2_dgng.jpg\" alt=\"PSG \'bật đèn xanh\' cho Neymar trở lại Barca - ảnh 1\" width=\"600\"></a></p><p class=\"ql-align-center\"><em style=\"color: rgb(34, 34, 34);\">PSG sẵn sàng để Neymar trở lại Barca.</em></p><p>Mới đây, tờ&nbsp;<em>L\'Equipe&nbsp;</em>vừa đưa tin về việc các quan chức PSG sẵn sàng “trả tự do” cho Neymar nếu nhận được lời đề nghị béo bở từ Barca hay bất cứ đội bóng nào. Hồi mùa Hè năm 2017, đương kim vô địch Ligue 1 đã phá vỡ kỷ lục chuyển nhượng trong lịch sử làng túc cầu khi bỏ ra số tiền lên tới 222 triệu euro để giải phóng hợp đồng cho ngôi sao 27 tuổi.</p><p><br></p><p>Chắc chắn, nếu muốn mua lại Neymar, Barca sẽ phải bỏ ra khoản kinh phí cao hơn so với số tiền mà họ đã nhận được khi bán tuyển thủ Brazil cho PSG. Hợp đồng hiện tại giữa Neymar với đội bóng Thủ đô nước Pháp vẫn còn thời hạn 3 năm.</p><p><br></p><p>Mùa giải vừa qua, Neymar phải nghỉ thi đấu gần 3 tháng vì lý do chấn thương. Mặc dù vậy, cầu thủ người Brazil này vẫn đóng góp được 23 pha lập công và 13 đường kiến tạo thành bàn sau 28 lần ra sân trên mọi mặt trận.</p><p><br></p><p>Sở dĩ, Ban lãnh đạo PSG quyết định bán Neymar là do cầu thủ này không còn mặn mà với việc cống hiến cho CLB. Đồng thời, sự xuất hiện của tiền đạo sinh năm 1992 đã khiến phòng thay đồ của đội bóng mất đi tính đoàn kết.</p><p><br></p><p>Bên cạnh đó, tiền đạo trẻ Kylian Mbappe đã có sự tiến bộ vượt bậc trong 2 mùa giải vừa qua và trở thành cầu thủ quan trọng nhất trong đội hình PSG. Với phong độ chói sáng trong màu áo CLB và ĐT Pháp, giá trị thương mại của tiền đạo 20 tuổi đã gia tăng đáng kể. Do đó, nếu bán Neymar, đương kim vô địch Ligue 1 cũng không phải lo lắng về khả năng mất đi những hợp đồng tài trợ béo bở.</p><p><br></p><p>Những năm gần đây, Neymar luôn được đánh giá là một trong những tiền đạo xuất sắc nhất thế giới. Vì vậy, rất nhiều CLB thèm muốn có sự phục vụ của anh. Thế nhưng, trở lại lớn nhất trong thương vụ này chính là mức phí chuyển nhượng cao ngất ngưởng của tiền đạo người Brazil.</p>',2,'2019-06-17 15:58:20',20,111,0),(39,'Tuyển nữ Thái Lan ghi được bàn thắng đầu tiên ở World Cup','img/news-916884335.jpg','Cho dù thất bại trước tuyển Thụy Điển, nhưng tuyển nữ Thái Lan vẫn để lại dấu ấn khi ghi được bàn thắng đầu tiên ở World Cup 2019.','<p><strong>&nbsp;Cho dù thất bại trước tuyển Thụy Điển, nhưng tuyển nữ Thái Lan vẫn để lại dấu ấn khi ghi được bàn thắng đầu tiên ở World Cup 2019.</strong></p><p><a href=\"https://image.tienphong.vn/665x449/Uploaded/2019/neg_olyrlys/2019_06_17/tien_phong_the_thao_tuyen_nu_thai_lan_temy.jpg\" target=\"_blank\" style=\"color: rgb(51, 51, 51);\"><img src=\"https://image.tienphong.vn/665x449/Uploaded/2019/neg_olyrlys/2019_06_17/tien_phong_the_thao_tuyen_nu_thai_lan_temy.jpg\" alt=\"Tuyển nữ Thái Lan ghi được bàn thắng đầu tiên ở World Cup\"></a></p><h2><br></h2><iframe class=\"ql-video\" frameborder=\"0\" allowfullscreen=\"true\" src=\"https://player.explus.vn/getPlayer?video=https%3a%2f%2fstreaming-tpo.zadn.vn%2f4b8ef92081bcb5ddc9c4f53e3e9358ba%2f5d0764a0%2f2019_06_17%2fctv_danganh%2fSweden_v_Thailand__FIFA_Womens_World_Cup_France_2019.mp4&amp;image=%2f%2fcms-i-3.zdn.vn%2ftienphong-video%2f2019_06_17%2fctv_danganh%2fsweden_v_thailand__fifa_womens_world_cup_france_2019.jpg&amp;pub=tienphong.vn&amp;title=\" height=\"350px\" width=\"100%\"></iframe><p><br></p><p>Trong lần đầu tiên tham dự World Cup nữ, tuyển Thái Lan đã phải hứng chịu thất bại đậm nhất&nbsp;lịch sử giải đấu khi để thua tuyển Mỹ 0-13 ngay trong ngày ra quân. Tuy nhiên, trận thua này không khiến tinh thần của HLV Neungrutai và các học trò sụp đổ. Ngược lại, họ còn quyết tâm hơn trong trận đấu thứ hai gặp tuyển Thụy Điển.</p><p>Trên bảng xếp hạng FIFA, tuyển nữ Thụy Điển đang đứng hạng 9, hơn tuyển Thái Lan đúng 20 hạng. Tuy vậy, các cầu thủ nữ đến từ xứ chùa vàng vẫn chiến đấu rất quả cảm. Ngay cả khi bị thủng lưới từ phút thứ 6, họ vẫn không bỏ cuộc. Kết thúc hiệp một, tuyển Thái Lan bị dẫn 0-3.</p><p><br></p><p>Bước sang hiệp hai, nữ Thái Lan đá tốt hơn và hạn chế được phần lớn đợt tấn công của nữ Thụy Điển. Phải đến phút 81, họ mới chịu thủng lưới lần thứ tư. Ngay sau đó, thời khắc lịch sử của bóng đá Thái Lan đã đến khi Kanjana Sung-Ngoen sút tung lưới nữ Thụy Điển ở phút 90+1. Đây chính là bàn thắng đầu tiên của tuyển Thái Lan ở một kỳ World Cup.</p><p><br></p><p>Cho dù phải nhận thêm một bàn thua khác ở phút 90+5, nhưng tuyển Thái Lan vẫn có thể hạnh phúc với bàn thắng của Kanjana Sung-Ngoen và một thất bại “nhẹ nhàng” hơn rất nhiều so với trận ra quân. Ở trận cuối cùng của vòng bảng, tuyển Thái Lan sẽ gặp Chile.</p><p>Về cơ bản, tuyển Thái Lan gần như đã hết cơ hội đi tiếp ngay cả khi đánh bại được Chile, bởi lẽ họ có hiệu số bàn thắng thua quá thấp (-17).&nbsp;</p><p class=\"ql-align-center\"><a href=\"https://image3.tienphong.vn/w665/Uploaded/2019/neg_olyrlys/2019_06_17/tuyen_thai_lan_anst.jpg\" target=\"_blank\" style=\"color: rgb(165, 10, 2);\"><img src=\"https://image3.tienphong.vn/w665/Uploaded/2019/neg_olyrlys/2019_06_17/tuyen_thai_lan_anst.jpg\" alt=\"Tuyển nữ Thái Lan ghi được bàn thắng đầu tiên ở World Cup - ảnh 1\" width=\"600\"></a></p><p class=\"ql-align-center\"><em style=\"color: rgb(34, 34, 34);\">Tuyển nữ Thái Lan cảm ơn người hâm mộ sau trận đấu.</em></p><p><br></p>',2,'2019-06-17 16:01:13',20,486,0),(40,'Kinh dị món thịt lợn sống băm nhuyễn ở Đức không phải ai cũng dám thử','img/news-232659458.jpeg','Thịt lợn băm nhỏ, thêm thắt chút gia vị rồi trộn đều lên là bạn đã hoàn thành xong một phần Mett để phục vụ thực khách.','<p class=\"ql-align-justify\"><strong>Thịt lợn băm nhỏ, thêm thắt chút gia vị rồi trộn đều lên là bạn đã hoàn thành xong một phần Mett để phục vụ thực khách.</strong></p><p><a href=\"https://media.doisongphapluat.com/601/2019/6/15/kinh-di-mon-thit-lon-song-o-duc-khong-phai-ai-cung-dam-thu.jpeg\" target=\"_blank\" style=\"color: rgb(11, 96, 152);\"><img src=\"https://media.doisongphapluat.com/601/2019/6/15/kinh-di-mon-thit-lon-song-o-duc-khong-phai-ai-cung-dam-thu.jpeg\" alt=\"Kinh dị món thịt lợn sống băm nhuyễn ở Đức không phải ai cũng dám thử - Ảnh 1\"></a></p><p class=\"ql-align-justify\">Khi nói tới các món ăn tươi sống, nhiều người hẳn sẽ nghĩ ngay về sushi Nhật Bản. Song thực tế, kiểu “ăn tươi nuốt sống” thực phẩm không cần qua đun nấu xuất hiện ở khá nhiều quốc gia. Trong đó, Đức góp mặt với món bánh humburger thịt lợn sống mang tên Hackepeter, hay còn gọi là Mett.</p><p class=\"ql-align-justify\">Trong tiếng Đức, Mett có nghĩa là “thịt lợn băm nhỏ”. Chính vì thế, thành phần chính của món ăn này sẽ là thịt lợn sống xay nhuyễn.</p><p class=\"ql-align-justify\">Ở miền bắc nước Đức, người ta gọi nó là Hackpeter. Nếu cho thêm hành tây thái nhỏ, món ăn gọi là Zwiebelmett; cho thêm loại thảo mộc có tên marjoram, thì món ăn lại gọi là Thüringer Mett. Tuy nhiên, cho dù có thể gọi với nhiều tên khác nhau, nhưng món ăn có chung đặc điểm đó là không qua chế biến làm chín, mà thực khách sẽ thưởng thức hương vị tươi sống nguyên bản nhất.</p><p><a href=\"https://media.doisongphapluat.com/601/2019/6/15/kinh-di-mon-thit-lon-song-o-duc-khong-phai-ai-cung-dam-thu-02.jpeg\" target=\"_blank\" style=\"color: rgb(11, 96, 152);\"><img src=\"https://media.doisongphapluat.com/601/2019/6/15/kinh-di-mon-thit-lon-song-o-duc-khong-phai-ai-cung-dam-thu-02.jpeg\" alt=\"Kinh dị món thịt lợn sống băm nhuyễn ở Đức không phải ai cũng dám thử - Ảnh 2\"></a></p><p><br></p><p class=\"ql-align-justify\">Để làm Mett, người ta sẽ dùng thịt lợn tươi nhất để băm nhỏ. Theo&nbsp;<a href=\"http://www.doisongphapluat.com/phap-luat/\" target=\"_blank\" style=\"color: rgb(11, 96, 152);\">pháp luật</a>&nbsp;tại Đức, tỉ lệ mỡ bên trong mỗi phần Mett không được vượt quá 35% để đảm bảo an toàn sức khỏe cho thực khách. Vì thế mà món ăn cũng được cân bằng giữa cái béo và cái ngọt một cách hài hòa. Sau khi có thịt, gia vị được thêm thắt vào sẽ là chút muối, tiêu, tỏi và có thể là trứng để tăng độ béo thơm và kết dính cho món.</p><p class=\"ql-align-justify\">Mett lần đầu xuất hiện ở quốc gia này vào những năm 1970 của thế kỷ trước. Khi đó, thực khách sẽ thưởng thức trực tiếp, mà không ăn kèm với bánh mỳ.</p><p class=\"ql-align-justify\">Ngày nay, cách thưởng thức Mett phổ biến nhất là dùng cùng brötchen (bánh mỳ hoặc lát bánh mỳ) với hành tây thái vòng tròn đặt phía trên, rắc thêm hạt tiêu. Đôi khi, người ta ăn kèm phô mai hoặc bơ để giảm bớt mùi tanh từ thịt sống.</p><p><a href=\"https://media.doisongphapluat.com/601/2019/6/15/kinh-di-mon-thit-lon-song-o-duc-khong-phai-ai-cung-dam-thu-01.gif\" target=\"_blank\" style=\"color: rgb(11, 96, 152);\"><img src=\"https://media.doisongphapluat.com/601/2019/6/15/kinh-di-mon-thit-lon-song-o-duc-khong-phai-ai-cung-dam-thu-01.gif\" alt=\"Kinh dị món thịt lợn sống băm nhuyễn ở Đức không phải ai cũng dám thử - Ảnh 3\"></a></p><h4><strong><em>Hai chàng ngoại quốc cũng tỏ ra khá ngần ngại khi thử món ăn này&nbsp;</em></strong></h4><p class=\"ql-align-justify\">Chính vì cách chế biến khá đơn giản này nên món hamburger thịt sống của người Đức khiến nhiều thực khách ngoại quốc e dè khi lần đầu thưởng thức.</p><p class=\"ql-align-justify\">Tuy nhiên, nếu muốn bạn vẫn có thể ăn món Mett được nấu chín. Lúc đó, món ăn được đun nấu như xúc xích, trộn thêm các gia vị khác, nướng thành thịt viên rồi ăn kèm với bánh mỳ.</p><p class=\"ql-align-right\"><strong>Quỳnh Chi</strong>&nbsp;<em>(T/h)</em></p><p><br></p>',2,'2019-06-17 16:10:13',9,504,0),(41,'Khóc thét với 7 món ăn kinh dị và quái đản nhất hành tinh','img/news-930121081.jpg','Chuột bao tử, mỳ mực sống, mắt cá người, cá mập lên men… là những món ăn kinh dị và quái đản nhất hành tinh mà chỉ cần nghe qua một lần bạn đã không khỏi rùng mình.','<p class=\"ql-align-justify\"><strong>Chuột bao tử, mỳ mực sống, mắt cá người, cá mập lên men… là những món ăn kinh dị và quái đản nhất hành tinh mà chỉ cần nghe qua một lần bạn đã không khỏi rùng mình.</strong></p><p class=\"ql-align-justify\"><br></p><p class=\"ql-align-justify\"><strong>1. Giòi pho mát</strong></p><p class=\"ql-align-justify\">Vùng Sardinia Italy được biết tới món ăn mang tên casu marzu khá kì dị. Đây là món giòi pho mát truyền thống được làm từ sữa cừu. Điều đặc biệt là trong mỗi miếng pho mát chứa hàng nghìn con giòi sinh sống.</p><p><a href=\"https://media.doisongphapluat.com/514/2017/1/10/mon-an-quai-dan-7.jpg\" target=\"_blank\" style=\"color: rgb(11, 96, 152);\"><img src=\"https://media.doisongphapluat.com/514/2017/1/10/mon-an-quai-dan-7.jpg\" alt=\"Khóc thét với 7 món ăn kinh dị và quái đản nhất hành tinh - Ảnh 1\"></a></p><p class=\"ql-align-justify\">Người dân nơi đây cho biết, họ phải phơi cả miếng pho mát ngoài trời để những con ruồi Piophila tự do đẻ trứng vào miếng pho mát đó. Trung bình 1 con ruồi có thể đẻ tới 500 trứng cùng một lúc.</p><p class=\"ql-align-justify\"><strong>2. Tinh hoàn gia súc</strong></p><p><a href=\"https://media.doisongphapluat.com/514/2017/1/10/mon-an-quai-dan-5.jpg\" target=\"_blank\" style=\"color: rgb(11, 96, 152);\"><img src=\"https://media.doisongphapluat.com/514/2017/1/10/mon-an-quai-dan-5.jpg\" alt=\"Khóc thét với 7 món ăn kinh dị và quái đản nhất hành tinh - Ảnh 2\"></a></p><p class=\"ql-align-justify\">Người ta gọi món ăn này như là những con hàu trên núi để nhấn mạnh về tác dụng tăng cường khả năng giường chiếu ở nam giới. Tại Mỹ và Canada, những con trâu, bò, lợn lòi đều có thể được lấy tin hoàn, làm sạch, luộc chín rồi tẩm bột mì chiên lên. Món ăn được ăn kèm với một số thứ khác.</p><p class=\"ql-align-justify\"><strong>3. Trứng luộc bằng nước tiểu</strong></p><p><a href=\"https://media.doisongphapluat.com/514/2017/1/10/mon-an-quai-dan-6.jpg\" target=\"_blank\" style=\"color: rgb(11, 96, 152);\"><img src=\"https://media.doisongphapluat.com/514/2017/1/10/mon-an-quai-dan-6.jpg\" alt=\"Khóc thét với 7 món ăn kinh dị và quái đản nhất hành tinh - Ảnh 3\"></a></p><p>Viết chú thích ảnh ở đây.</p><p class=\"ql-align-justify\">Đây là món ăn nổi tiếng của tỉnh Chiết Giang, Trung Quốc. Theo đó, người ta ngâm những quả trứng với nước tiểu cậu bé mới lớn, sau đó họ đun cùng nước tiểu của cậu bé.Trung bình giá một quả trứng luộc như vậy có giá 3,6 USD. Món ăn này được cho rằng có thể chữa được rất nhiều bệnh. Hàng trăm năm qua người dân Trung Quốc vẫn áp dụng bài thuốc gia truyền quý báu này.</p><p class=\"ql-align-justify\"><strong>4. Chuột bao tử</strong></p><p><br></p><p><a href=\"https://media.doisongphapluat.com/514/2017/1/10/mon-an-quai-dan-1.jpg\" target=\"_blank\" style=\"color: rgb(11, 96, 152);\"><img src=\"https://media.doisongphapluat.com/514/2017/1/10/mon-an-quai-dan-1.jpg\" alt=\"Khóc thét với 7 món ăn kinh dị và quái đản nhất hành tinh - Ảnh 4\"></a></p><p class=\"ql-align-justify\">Những con chuột nhỏ lúc nhúc trong thực tế đã khiến nhiều người sởn gai ốc đúng không? Thế nhưng có một số nơi trên thế giới, con vật này lại trở thành nguyên liệu để chế biến món ăn.</p><p class=\"ql-align-justify\">Theo đó, những con chuột non được lôi ra từ trong bụng mẹ và dùng làm nguyên liệu chế biến các món ăn như lẩu, cơm rang, salat, sandwich hoặc ngâm rượu.</p><p class=\"ql-align-justify\">Họ tin rằng, bao tử chuột sẽ giúp gia tăng khả năng giường chiếu.</p><p class=\"ql-align-justify\"><strong>5. Thịt cá thối</strong></p><p><a href=\"https://media.doisongphapluat.com/514/2017/1/10/mon-an-quai-dan-4.jpg\" target=\"_blank\" style=\"color: rgb(11, 96, 152);\"><img src=\"https://media.doisongphapluat.com/514/2017/1/10/mon-an-quai-dan-4.jpg\" alt=\"Khóc thét với 7 món ăn kinh dị và quái đản nhất hành tinh - Ảnh 5\"></a></p><p class=\"ql-align-justify\">Đây là một món ăn của người Nauy. Theo đó, người ta ngâm cá tuyết trong dung dịch nước giặt quần áo hoặc chất kiềm tẩy rửa trong nhiều ngày để da cá bị phân huỷ thành màu bàng bạc.</p><p class=\"ql-align-justify\">Sau khi thịt cá bắt đầu phân huỷ và bốc mùi, người ta sẽ làm sạch bằng hoá chất rồi đem ra ăn.</p><p><strong>6. Cá mập lên men</strong></p><p><a href=\"https://media.doisongphapluat.com/514/2017/1/10/mon-an-quai-dan-3.jpg\" target=\"_blank\" style=\"color: rgb(11, 96, 152);\"><img src=\"https://media.doisongphapluat.com/514/2017/1/10/mon-an-quai-dan-3.jpg\" alt=\"Khóc thét với 7 món ăn kinh dị và quái đản nhất hành tinh - Ảnh 6\"></a></p><p>Tại Iceland, người ta bắt cá mập, moi hết ruột rồi chôn trong một hố cát nông từ 6 - 12 tuần. Đến khi nào thịt cá mập lên men thì mới đem phơi khô rồi ăn trong nhiều tháng.</p><p>Khi nếm thử món này, người ăn sẽ có cảm giác hăng và nồng không hề dễ chịu nếu là lần đầu tiên thưởng thức thịt cá mập.</p><p class=\"ql-align-justify\"><strong>7. Mắt cá ngừ</strong></p><p><a href=\"https://media.doisongphapluat.com/514/2017/1/10/mon-an-quai-dan-8.jpg\" target=\"_blank\" style=\"color: rgb(11, 96, 152);\"><img src=\"https://media.doisongphapluat.com/514/2017/1/10/mon-an-quai-dan-8.jpg\" alt=\"Khóc thét với 7 món ăn kinh dị và quái đản nhất hành tinh - Ảnh 7\"></a></p><p class=\"ql-align-justify\">Được mệnh danh là món ăn máu me và rùng rợn, mắt cá ngừ đại dương được rửa sạch bằng nước sau đó được chần qua rồi có thể thưởng thức được.</p><p><br></p>',2,'2019-06-17 16:12:52',9,231,0),(42,'Quan tâm giải quyết việc làm cho bộ đội xuất ngũ','img/news-319100548.jpg','Thời gian qua, Đảng, nhà nước rất quan tâm, chăm lo đến công tác tư vấn, dạy nghề và giải quyết việc làm cho bộ đội xuất ngũ. Nhiều địa phương đã tổ chức nhiều phiên giao dịch việc làm chuyên đề dành cho bộ đội xuất ngũ nhằm hỗ trợ quân nhân xuất ngũ sớm tìm được việc làm, ổn định cuộc sống và tránh lãng phí một nguồn lao động có tay nghề, có tính kỷ luật.','<p><strong>Thời gian qua, Đảng, nhà nước rất quan tâm, chăm lo đến công tác tư vấn, dạy nghề và giải quyết việc làm cho bộ đội xuất ngũ. Nhiều địa phương đã tổ chức nhiều phiên giao dịch việc làm chuyên đề dành cho bộ đội xuất ngũ nhằm hỗ trợ quân nhân xuất ngũ sớm tìm được việc làm, ổn định cuộc sống và tránh lãng phí một nguồn lao động có tay nghề, có tính kỷ luật.</strong><a href=\"http://baodansinh.vn/cao-bang-nhieu-giai-phap-tao-viec-lam-tai-cho-cho-lao-dong-tre-d99506.html\" target=\"_blank\" style=\"color: rgb(68, 68, 68);\">Cao Bằng: Nhiều </a></p><p>&nbsp;</p><p><strong style=\"color: rgb(34, 34, 34);\">50% lao động là bộ đội xuất ngũ tại Hà Nội có trình độ cao</strong></p><p>Phiên giao dịch&nbsp;<a href=\"http://baodansinh.vn/viec-lam-d76/\" target=\"_blank\" style=\"color: rgb(11, 96, 152);\">việc làm</a>&nbsp;chuyên đề dành cho bộ đội xuất ngũ được Trung tâm dịch vụ việc làm Hà Nội phối hợp với Bộ Tư lệnh Thủ đô tổ chức thường xuyên nhằm hỗ trợ quân nhân xuất ngũ sớm tìm được việc làm, ổn định cuộc sống và tránh lãng phí một nguồn lao động có tay nghề, có tính kỷ luật. Các phiên giao dịch việc làm này thu hút hàng trăm tham gia tuyển dụng với hàng nghìn vị trí công việc.</p><p>Trung tá Bùi&nbsp;Minh Nam, Giám đốc Trung tâm tư vấn tuyển sinh, Trường Trung cấp nghề số 10, Bộ Tư lệnh Thủ đô khẳng định, tạo cơ hội việc làm cho bộ đội xuất ngũ là một chính sách của Đảng, Nhà nước, quân đội, nhằm tạo ra một lực lượng lao động ưu tú cho đất nước, đồng thời góp phần xây dựng nền tảng chính sách hậu phương quân đội.</p><p>Những năm gần đây, việc định hướng nghề nghiệp, tổ chức tuyển dụng bộ đội xuất ngũ đã qua đào tạo nghề vào làm việc tại nhiều cơ quan, doanh nghiệp... đã được cấp ủy và chính quyền các địa phương quan tâm.</p><p>Theo ông Nam, hiện tại tất cả các khu đoàn, binh chủng lực lượng bộ đội xuất ngũ đều rất đông. Riêng với Hà Nội, bộ đội xuất ngũ hàng năm ra quân khoảng 4.000 người, trong đó 50% có trình độ cao, song vẫn có những quân khu tại vùng cao, bộ đội xuất ngũ có trình độ thấp.</p><p>Do đó, ông Nam cho rằng làm gì để giúp họ có việc làm luôn là sự trăn trở của quân đội và chính quyền địa phương. “Cần có các cơ chế phối hợp để giải quyết việc làm cho số bộ đội xuất ngũ đã có bằng cấp. Chẳng hạn với các em học cao đẳng, đại học ra trường, khi ra quân hoàn thành nghĩa vụ đều được giới thiệu việc làm. Còn những em chưa có bằng cấp, vừa học hết lớp 12 sẽ được giới thiệu đến các trường học trung cấp nghề, sơ cấp nghề”, ông Nam nói.</p><p>Đánh giá về bộ đội xuất ngũ, quân nhân sắp hoàn thành nghĩa vụ quân sự, ông Nam cho rằng đây là lực lượng đã được học tập, rèn luyện nề nếp chính quy, tính kỷ luật và chấp hành kỷ luật từ trong quân đội. Họ lại có phẩm chất đạo đức tốt, tác phong nhanh nhẹn, có khả năng ứng phó và xử lý các tình huống cấp bách do đã được luyện tập trong quân ngũ. Những tố chất đó sẽ giúp họ trở thành lực lượng lao động tốt của các đơn vị, doanh nghiệp.</p><p>&nbsp;</p><p class=\"ql-align-center\"><img src=\"http://media.baodansinh.vn/Images/2019/06/17/chaugiangpv/B_i_xut_ng.jpg\" alt=\"Quan tâm giải quyết việc làm cho bộ đội xuất ngũ - Ảnh 1\" height=\"400\" width=\"620\"><a href=\"http://baodansinh.vn/day-nghe-c77/\" target=\"_blank\" style=\"color: rgb(11, 96, 152);\"><em>Dạy nghề</em></a><em>&nbsp;cho bộ đội xuất ngũ</em></p><p class=\"ql-align-center\"><br></p><p><strong style=\"color: rgb(34, 34, 34);\">Bình Dương, Đà Nẵng: Tạo mọi điều kiện để bộ đội xuất ngũ có việc làm ngay sau&nbsp;khi học nghề</strong></p><p>Không chỉ tư vấn học nghề, thời gian qua, Bộ Chỉ huy Quân sự (CHQS) và Sở LĐ-TB&amp;XH tỉnh bình Dương đã phối hợp giới thiệu việc làm cho bộ đội xuất ngũ sau khi học nghề. Ông Nguyễn Thanh Phương, Phó Giám đốc Trung tâm Dịch vụ việc làm tỉnh Bình Dương cho biết Bình Dương là tỉnh phát triển công nghiệp nên rất cần nhân lực có tay nghề. Đối với bộ đội xuất ngũ, doanh nghiệp càng ưu tiên tuyển dụng hơn ai hết bởi đây là những con người có phẩm chất đạo đức tốt, tác phong nhanh nhẹn, có khả năng ứng phó, xử lý các tình huống cấp bách do được rèn luyện trong quân ngũ, khi tham gia thị trường lao động họ dễ dàng bắt nhịp với môi trường công việc tại doanh nghiệp. Đó là cơ hội tốt để bộ đội xuất ngũ có việc làm ngay sau khi học nghề, điều này càng giúp họ tự tin khi chọn học nghề. Riêng trung tâm luôn tạo mọi điều kiện để bộ đội xuất ngũ có việc làm ngay sau khi học nghề.</p><p>Ông Võ Đông Duy, Trưởng phòng Dạy nghề Sở LĐ-TB&amp;XH tỉnh Bình Dương cho biết, trước đây, trong tỉnh chỉ có trường Cao đẳng Nghề số 22 tiếp nhận, dạy nghề cho bộ đội xuất ngũ. Quân nhân xuất ngũ sau khi hoàn thành chương trình đào tạo sẽ được trường thanh toán trên cơ sở số thẻ học nghề do ngân sách bảo đảm thông qua Bộ CHQS tỉnh. Hiện nay kinh phí và tiếp nhận hồ sơ giải quyết chế độ học nghề cho bộ đội xuất ngũ do Sở LĐ- TB&amp;XH thực hiện. Sở đang lập dự trù kinh phí hỗ trợ học nghề cho bộ đội xuất ngũ. Kinh phí dự trù được thông qua sẽ quy định rõ mức hỗ trợ và tạo mọi điều kiện cho bộ đội xuất ngũ học nghề tại các cơ sở&nbsp;<a href=\"http://baodansinh.vn/giao-duc-d11/\" target=\"_blank\" style=\"color: rgb(11, 96, 152);\">giáo dục</a>&nbsp;nghề nghiệp trong tỉnh chứ không phải riêng trường Cao đẳng Nghề số 22. Chính sách nhân văn này sẽ tạo cơ hội cho nhiều quân nhân hoàn thành nghĩa vụ có được một nghề sơ cấp tại các trường để có việc làm ổn định.</p><p>Còn theo Sở LĐ-TB&amp;XH TP. Đà Nẵng, từ năm 2016 đến nay, các cơ sở giáo dục nghề nghiệp đã đào tạo cho 1.720 bộ đội xuất ngũ có hộ khẩu thường trú Đà Nẵng. Qua điều tra thực tế, trên 80% số lượng học viên học nghề được giải quyết việc làm ngay khi tốt nghiệp, hiện còn gần 10% học viên được đào tạo nghề nhưng chưa tìm được việc làm.</p><p>Ông Nguyễn Văn An, Phó Giám đốc Sở LĐ-TB&amp;XH TP Đà Nẵng cho biết việc kết nối người lao động với doanh nghiệp được Trung tâm Dịch vụ việc làm tổ chức thường xuyên thông qua các sàn giao dịch việc làm. Theo đó, tổ chức luân phiên giao dịch việc làm tại 3 điểm định kỳ thứ 6 hằng tuần; ngoài ra, hằng năm tổ chức 2 phiên giao dịch việc làm di động. Do vậy, người lao động có nhu cầu tìm kiếm việc làm có thể đến các trung tâm và sàn để được kết nối tìm việc làm phù hợp. Ông An cũng cho biết trong thời gian tới sẽ chủ trương cho các ngành xây dựng Đề án hỗ trợ đào tạo nghề và giải quyết việc làm riêng cho các nhóm đối tượng là quân nhân xuất ngũ.</p><p class=\"ql-align-right\"><strong style=\"color: rgb(34, 34, 34);\">DUY ANH</strong></p><p><br></p>',2,'2019-06-17 16:14:55',13,100,0),(43,'Sôi nổi ngày hội việc làm sinh viên lần thứ 5','img/news-046536723.jpg','Ngày 15-6, Trường Đại học Kinh tế Đà Nẵng phối hợp Sở LĐ-TB&XH TP Đà Nẵng tổ chức ngày hội việc làm sinh viên lần thứ 5 – năm 2019. Theo thông tin từ BTC, đợt này có 199 doanh nghiệp, tập ...','<p><img src=\"http://cadn.com.vn/data_news/Image/2019/th6/ng17/72.jpg\" width=\"728\" style=\"\"></p><p><strong>Các ứng viên tham gia phỏng vấn trực tiếp với&nbsp;nhà tuyển dụng.</strong></p><p class=\"ql-align-justify\">Ngày 15-6, Trường Đại học Kinh tế Đà Nẵng phối hợp Sở LĐ-TB&amp;XH TP Đà Nẵng tổ chức ngày hội việc làm sinh viên lần thứ 5 – năm 2019. Theo thông tin từ BTC, đợt này có 199 doanh nghiệp, tập đoàn, công ty trên địa bàn TP Đà Nẵng và miền Trung – Tây Nguyên tham gia đăng ký ứng tuyển 8.957 vị trí nhân sự cho đơn vị mình. Đặc biệt, nhiều doanh nghiệp có nhu cầu tuyển dụng lớn ở trình độ Đại học và Cao đẳng. Lĩnh vực tuyển dụng trải đều trên nhiều lĩnh vực, từ quản lý kinh tế, tài chính kế toán, cán bộ quản lý điều hành, quản trị, kỹ sư, kỹ thuật viên, đến nhân viên bán hàng, dịch vụ khách sạn, nhà hàng... Góp mặt tại ngày hội năm nay có những thương hiệu lớn như: FPT, Vin Group, Sun Group, ABBank, MBBank, PNJ, Mobifone, Eurowindow…</p><p class=\"ql-align-justify\">Phát biểu khai mạc ngày hội, ông Nguyễn Văn An - Phó Giám đốc Sở LĐ-TB&amp;XH nhấn mạnh: “Phiên giao dịch việc làm thường niên này đã kết nối cung – cầu lao động giữa các doanh nghiệp và người lao động, góp phần thực hiện thắng lợi mục tiêu chương trình “có việc làm” của thành phố. Hy vọng rằng, sự kiện ngày hội việc làm sẽ được tổ chức thường xuyên hơn với hiệu quả cao hơn, qua đó góp phần tăng trưởng việc làm và nâng cao chất lượng nguồn nhân lực, đáp ứng yêu cầu của doanh nghiệp, thúc đẩy phát triển kinh tế - xã hội của TP Đà Nẵng”. Còn đại diện Trường Đại học Kinh tế cho biết,&nbsp;ngày hội việc làm diễn ra vào tuần lễ tốt nghiệp đợt 2, sẽ góp phần giải quyết đầu ra cho các tân cử nhân, đồng thời thể hiện nỗ lực của nhà trường trong đảm bảo việc làm và hỗ trợ tìm kiếm tương lai vững chắc cho sinh viên. Không chỉ sinh viên năm cuối,các bạn sinh viên đang học cũng có cơ hội tiếp cận với các nhà tuyển dụng đối với lĩnh vực, ngành mình đang được đào tạo, để từ đó bổ sung, hoàn thiện kiến thức, kỹ năng, đặc biệt là trong sự bùng nổ của cuộc cách mạng công nghiệp 4.0. Theo đại diện Sở LĐ-TB&amp;XH, sau 1 ngày tổ chức, có 68/199 công ty, doanh nghiệp đăng ký tham gia phỏng vấn ứng viên trực tiếp tại ngày hội. Và kết quả, có 514 ứng viên nộp hồ sơ đăng ký tuyển dụng, trong đó có 477 người là sinh viên mới ra trường tại Đại học kinh tế Đà Nẵng.</p><p class=\"ql-align-right\"><strong><em>Đinh Nga</em></strong></p><p><br></p>',2,'2019-06-17 16:17:14',13,92,0),(44,'Tuyển chọn điều dưỡng viên đi học tập, làm việc tại Đức','img/news-026106966.jpg','Cục Quản lý lao động ngoài nước (Bộ LĐ-TB&XH) đang triển khai dự án tuyển chọn điều dưỡng viên tham gia dự án khóa 1 (năm 2019 - 2020) đi học tập và làm việc tại Đức.','<p><strong>Cục Quản lý lao động ngoài nước (Bộ LĐ-TB&amp;XH) đang triển khai dự án tuyển chọn điều dưỡng viên tham gia dự án khóa 1 (năm 2019 - 2020) đi học tập và làm việc tại Đức.</strong></p><p><span style=\"color: inherit;\"><img src=\"https://image.anninhthudo.vn/w700/uploaded/165/2019_06_17/dd.jpg\" alt=\"ảnh 1\"></span></p><p class=\"ql-align-center\"><em style=\"color: inherit;\">Chương trình tuyển chọn học viên trở thành điều dưỡng viên là loại hình xuất khẩu lao động chất lượng, mang lại nguồn thu nhập cao</em></p><p>Cục Quản lý lao động ngoài nước (Bộ LĐ-TB&amp;XH) cho biết, thực hiện Thỏa thuận hợp tác Dự án “Ba bên cùng có lợi - Tuyển chọn học viên Việt Nam trở thành điều dưỡng viên tương lai tại CHLB Đức” giai đoạn 2019-2022 giữa Cục Quản lý lao động ngoài nước, Tổ chức Hợp tác quốc tế Đức (GIZ) và Trung tâm giới thiệu việc làm và nhân lực nước ngoài (ZAV) thuộc Cơ quan Lao động Liên bang Đức, Cục Quản lý lao động ngoài nước triển khai kế hoạch tuyển chọn ứng viên tham gia.</p><p>Mục tiêu của Dự án là đào tạo cho ứng viên điều dưỡng Việt Nam có đủ điều kiện nhập cư lao động vào Đức làm việc trong lĩnh vực y tế. Cụ thể, học viên tham gia chương trình dự án được học tiếng Đức tại Hà Nội trong vòng 12 tháng, dự kiến từ tháng 8/2019 đến tháng 8/2020,&nbsp;đạt trình độ B2. Bên cạnh đó, ứng viên còn được học tiếng Đức chuyên ngành, tìm hiểu về phong tục tập quán, văn hóa, pháp luật Đức và được bồi dưỡng thêm nghiệp vụ điều dưỡng theo tiêu chuẩn của Đức.</p><p>Học viên được dự án chi trả lệ phí thi lần thứ nhất lấy chứng chỉ B1 và B2 tiếng Đức; được bố trí ăn, ở nội trú; được miễn phí tiền ở. Học viên còn được hỗ trợ 36 Euro/tháng (khoảng 928.000 đồng, tùy theo tỷ giá quy đổi vào thời điểm nhận) vào đầu mỗi tháng để tổ chức bữa ăn; được dự án hỗ trợ tiền khám sức khỏe tổng thể trước khi xuất cảnh, lệ phí xin visa và vé máy bay sang Đức.</p><p>Để tham gia dự án, học viên phải có hộ chiếu, xin thị thực nhập cảnh vào Đức; thi đỗ kỳ thi tiếng Đức trình độ B1 và học tiếng Đức chuyên sâu đến trình độ B2; đóng góp cho cơ sở dạy tiếng một phần chi phí của khóa học tiếng bằng tiền Việt tương đương 70 Euro hàng tháng (khoảng 1,8 triệu đồng).</p><p>Khi được lựa chọn sang Đức, học viên được tham gia khóa đào tạo ba năm để trở thành điều dưỡng viên đa khoa. Sau khi kết thúc khóa học thành công, các ứng viên sẽ được cấp Chứng chỉ quốc gia của Đức, được làm việc và xem xét cho phép định cư lâu dài tại Đức theo quy định pháp luật của Đức.</p><p>Trong thời gian học nghề tại các cơ sở đào tạo và tiếp nhận của Đức, học viên được hưởng lương học nghề tối thiểu: năm thứ nhất là 1.050 EUR/tháng (tương đương 27,5 triệu đồng), năm thứ hai là 1.200 EUR/tháng (tương đương 31 triệu đồng) và năm thứ ba 1.300 EUR/tháng (tương đương 34 triệu đồng).</p><p>Sau khi tốt nghiệp và được cấp Chứng chỉ quốc gia của Đức, học viên được làm việc, hưởng mức lương như công dân Đức và các chế độ phúc lợi xã hội theo quy định của luật pháp Đức.</p>',2,'2019-06-17 16:19:56',13,64,0),(45,'Dự kiến công bố điểm chuẩn vào lớp 10 năm 2019 ở Đà Nẵng','img/news-275419581.jpg','Sở Giáo dục và Đào tạo (GDĐT) TP.Đà Nẵng cho biết, dự kiến cuối giờ chiều 18.6 sẽ tiến hành công bố điểm chuẩn tuyển sinh lớp 10 THPT trên địa bàn TP.','<p><a href=\"https://media.laodong.vn/storage/newsportal/2019/6/17/739505/DSCF2290.JPG\" target=\"_blank\" style=\"color: rgb(237, 28, 36);\"><em><img src=\"https://media.laodong.vn/storage/newsportal/2019/6/17/739505/DSCF2290.JPG?w=720&amp;h=592&amp;crop=auto&amp;scale=both\" alt=\"Các thí sinh dự kỳ thi tuyển sinh lớp 10 THPT trên địa bàn Đà Nẵng vừa qua. ảnh: H.Vinh\" height=\"592\" width=\"720\"></em></a></p><p class=\"ql-indent-1\"><em>Các thí sinh dự kỳ thi tuyển sinh lớp 10 THPT trên địa bàn Đà Nẵng vừa qua. ảnh: H.Vinh</em></p><p><strong>Sở Giáo dục và Đào tạo (GDĐT) TP.Đà Nẵng cho biết, dự kiến cuối giờ chiều 18.6 sẽ tiến hành&nbsp;</strong><a href=\"https://laodong.vn/giao-duc/thong-tin-moi-ve-cong-bo-diem-thi-lop-10-nam-2019-o-hai-phong-739452.ldo\" target=\"_blank\" style=\"color: rgb(0, 0, 0);\"><strong>công bố điểm chuẩn</strong></a><strong>&nbsp;tuyển sinh lớp 10 THPT trên địa bàn TP.&nbsp;</strong></p><p><br></p><p>Ngày 17.6, trao đổi với Lao Động, bà Lê Thị Bích Thuận - Phó Giám đốc phụ trách Sở GDĐT TP.Đà Nẵng cho biết,&nbsp;tổng điểm của thí sinh sau khi kiểm dò kết quả học tập 4 năm, điểm cộng khuyến khích và các nguyện vọng đăng ký của thí sinh, đã được Sở GDĐT gửi về các trường THPT nơi thí sinh đăng ký nguyện vọng 1 và Trường THPT chuyên Lê Quý Đôn để niêm yết công khai cho phụ huynh và học sinh được biết vào ngày 17.6.</p><p>\"Dự kiến cuối giờ chiều 18.6 Sở sẽ&nbsp;<a href=\"https://laodong.vn/giao-duc/thong-tin-moi-ve-cong-bo-diem-thi-lop-10-nam-2019-o-hai-phong-739452.ldo\" target=\"_blank\" style=\"color: rgb(0, 0, 0);\">công bố điểm chuẩn vào lớp 10</a>&nbsp;các trường THPT và trường THPT chuyên Lê Quý Đôn, năm học 2019-2020\" - bà Thuận thông tin.&nbsp;</p><p>Trước đó, tối 15.6, Sở GDĐT TP.Đà Nẵng đã công bố điểm thi tuyển vào lớp 10 THPT và Trường THPT chuyên Lê Quý Đôn năm học 2019-2020.&nbsp;</p><p>Theo thống kê của Sở GDĐT có 56,8% bài thi môn Ngữ văn và 66,1% bài thi môn Toán có điểm thi từ trung bình trở lên.&nbsp;</p><p>Đối với&nbsp;điểm môn Ngữ Văn,&nbsp;không có bài thi đạt điểm 10; Trong đó, 194 bài thi đạt điểm 8 trở lên (đạt tỉ&nbsp;lệ 1,5%);&nbsp;2.667 bài thi đạt điểm 6.5 trở lên (tỉ&nbsp;lệ 20,7%) và 7.322 bài thi đạt điểm 5 trở lên (tỉ&nbsp;lệ 56,8%).&nbsp;</p><p>Về môn Toán, có&nbsp;31 bài thi đạt điểm 10 (tỉ&nbsp;lệ 0,3%); 1.604 bài thi đạt điểm 8 trở lên (tỉ&nbsp;lệ 12,5%); 5.575 bài thi đạt điểm 6.5 trở lên (tỉ&nbsp;lệ 43,2%) và 8.525 bài thi đạt điểm 5 trở lên (tỉ&nbsp;lệ 66,1%).</p><p><strong>H.VINH</strong></p><p><br></p>',2,'2019-06-17 16:23:05',18,325,0),(46,'2.000 sinh viên tình nguyện ra quân \"Tiếp sức mùa thi 2019\"','img/news-191327736.jpg','Sáng 16-6, Lễ ra quân chương trình \"Tiếp sức mùa thi năm 2019\" diễn ra tại Nhà văn hóa Thanh Niên (Q1, TP HCM) với sự tham gia của hơn 2.000 sinh viên tình nguyện.','<h2><strong><em>Sáng 16-6, Lễ ra quân chương trình \"Tiếp sức mùa thi năm 2019\" diễn ra tại Nhà văn hóa Thanh Niên (Q1, TP HCM) với sự tham gia của hơn 2.000 sinh viên tình nguyện.</em></strong></h2><p class=\"ql-align-justify\">Trong tổng thể chương trình, sẽ có hơn 20.000 lượt sinh viên tình nguyện tham gia hỗ trợ thí sinh tham dự kỳ thi THPT quốc gia và thi năng khiếu vào các trường ĐH, CĐ tại TP HCM, chia thành 17 đội và hoạt động tại 111 điểm thi.&nbsp;</p><p class=\"ql-align-center\"><img src=\"https://nld.mediacdn.vn/thumb_w/540/2019/6/17/raquan1-1560761284905500116674.jpg\" alt=\"2.000 sinh viên tình nguyện ra quân Tiếp sức mùa thi 2019 - Ảnh 1.\"></p><p class=\"ql-align-center\"><img src=\"https://nld.mediacdn.vn/thumb_w/540/2019/6/17/raquan51-15607612849091108649026.jpg\" alt=\"2.000 sinh viên tình nguyện ra quân Tiếp sức mùa thi 2019 - Ảnh 2.\"></p><p class=\"ql-align-center\"><img src=\"https://nld.mediacdn.vn/thumb_w/540/2019/6/17/raquan6-15607612849121968173696.jpg\" alt=\"2.000 sinh viên tình nguyện ra quân Tiếp sức mùa thi 2019 - Ảnh 3.\"></p><p class=\"ql-align-center\"><em>20.000 lượt sinh viên tình nguyện sẽ hỗ trợ thí sinh tham dự kỳ thi THPT quốc gia 2019.</em></p><p class=\"ql-align-justify\">Các chiến sĩ tình nguyện sẽ hỗ trợ thí sinh các vấn đề liên quan đến thông tin tuyển sinh, xử lý những tình huống khẩn cấp, điều tiết giao thông...; đón, tư vấn, hướng dẫn thí sinh và người nhà từ các tỉnh về thành phố di chuyển đến điểm thi thuận lợi.</p><p class=\"ql-align-justify\">Năm nay, Ban tổ chức có sự phối hợp với Phòng CSGT đường bộ, Đường sắt, Công an TP hỗ trợ tốt nhất cho thí sinh.</p><p class=\"ql-align-right\"><strong>Tin - ảnh: Mỹ Anh</strong></p><p><br></p>',2,'2019-06-17 16:24:12',18,149,0),(47,'Điều khoản ít người biết trong hợp đồng của VFF với HLV Park Hang Seo','img/news-283638519.jpg','Ông Park Hang Seo có quyền đàm phán với các đối tác khác 6 tháng trước khi hợp đồng với LĐBĐVN (VFF) hết hạn.','<p><strong>Ông Park Hang Seo có quyền đàm phán với các đối tác khác 6 tháng trước khi hợp đồng với LĐBĐVN (VFF) hết hạn.</strong></p><p><a href=\"https://image2.tienphong.vn/665x449/Uploaded/2019/yqjvqxjwp/2019_06_17/truc_tiep_hop_bao_viet_nam_thai_lan_hlv_park_hang_seo_ca_ngoi_tuan_anh_park_1559747511_753_width660height440_iyex.jpg\" target=\"_blank\" style=\"color: rgb(51, 51, 51);\"><img src=\"https://image2.tienphong.vn/665x449/Uploaded/2019/yqjvqxjwp/2019_06_17/truc_tiep_hop_bao_viet_nam_thai_lan_hlv_park_hang_seo_ca_ngoi_tuan_anh_park_1559747511_753_width660height440_iyex.jpg\" alt=\"HLV Park Hang Seo sẽ tiếp tục ở lại Việt Nam?\"></a></p><p><em>HLV Park Hang Seo sẽ tiếp tục ở lại Việt Nam?</em></p><h2><br></h2><p><a href=\"https://www.tienphong.vn/the-thao/hlv-park-hang-seo-se-mat-gi-neu-chia-tay-bong-da-viet-nam-1429291.tpo\" target=\"_blank\" style=\"color: rgb(165, 10, 2);\"><strong>Hợp đồng&nbsp;</strong></a>giữa ông Park Hang Seo và VFF sẽ đáo hạn vào tháng 1/2020. TTK VFF Lê Hoài Anh cho biết, đôi bên sẽ tiến hành đàm phán 3 tháng trước thời điểm trên.</p><p>Tuy nhiên trên thực tế, sau mỗi giải đấu thành công của bóng đá Việt Nam, lại có những ý kiến thúc giục VFF sớm gia hạn hợp đồng với nhà cầm quân Hàn Quốc. Truyền thông xứ Kim chi cũng rất tích cực đưa tin về vấn đề này.</p><p>Mới đây, tờ Star News cho biết, nhiều thông tin từ Việt Nam nói ông Park Hang Seo đang được một số quốc gia quan tâm, như Thái Lan, Indonesia hay thậm chí cả Trung Quốc. VFF vì vậy cần sớm gia hạn hợp đồng với ông Park Hang Seo.</p><p>Trả lời Tiền Phong đầu tháng 5 vừa qua, HLV Park Hang Seo khẳng định đây chưa phải thời điểm thích hợp đề nói về vấn đề hợp đồng của ông với VFF. Theo tìm hiểu, trong hợp đồng giữa ông Park Hang Seo và VFF có điều khoản cho phép nhà cầm quân Hàn Quốc được đàm phán với các đối tác khác 6 tháng trước khi đáo hạn. Như vậy nếu những gì TTK VFF Lê Hoài Anh nói ở trên chính xác, thì VFF có thể đã chậm chân hơn các đối thủ.</p><p>Mặc dù vậy, mới đây ông Park Hang Seo khẳng định Việt Nam là ưu tiên số 1. Điều này cũng không có gì khó hiểu. Mức lương khoảng hơn 20.000 USD/tháng của ông Park ban đầu vốn đã được đánh giá là khá cao. Ông cũng không phải đóng một khoản khá lớn là thuế bởi số tiền này do Tổng cục TDTT hỗ trợ.</p><p>Với thành công cùng bóng đá Việt Nam, ông Park Hang Seo cũng thu về số tiền cực lớn từ hoạt động quảng cáo, đại diện cho các nhãn hàng lớn nhỏ khác nhau. HLV Park Hang Seo cũng được đưa sang Việt Nam đội ngũ trợ lý đồng hương hùng hậu. Số tiền trả cho đội ngũ trợ lý của ông Park thậm chí lớn hơn cả lương của nhà cầm quân Hàn Quốc.</p>',2,'2019-06-17 16:26:17',19,555,0),(48,'Tuyển Thái Lan khao khát chữ ký của HLV Park Hang Seo?','img/news-348264426.jpg','Sau mỗi thành công của đội tuyển Việt Nam, việc gia hạn hợp đồng giữa Liên đoàn bóng đá Việt Nam (VFF) và HLV Park Hang Seo lại trở thành đề tài “hot” không chỉ đối với người hâm mộ và giới truyền thông trong nước mà báo chí quốc tế cũng không ít lần đề cập.','<p><strong>Sau mỗi thành công của đội tuyển Việt Nam, việc gia hạn hợp đồng giữa Liên đoàn bóng đá Việt Nam (VFF) và HLV Park Hang Seo lại trở thành đề tài “hot” không chỉ đối với người hâm mộ và giới truyền thông trong nước mà báo chí quốc tế cũng không ít lần đề cập.</strong></p><p><a href=\"https://image2.tienphong.vn/665x449/Uploaded/2019/nmasumk_pmzs/2019_06_16/1_tcgt.jpg\" target=\"_blank\" style=\"color: rgb(51, 51, 51);\"><img src=\"https://image2.tienphong.vn/665x449/Uploaded/2019/nmasumk_pmzs/2019_06_16/1_tcgt.jpg\" alt=\"HLV Park Hang Seo được nhiều đội tuyển, CLB săn lùng chữ ký sau những thành công vang dội cùng các đội tuyển Việt Nam ảnh: VSI\n\"></a></p><p><em>HLV Park Hang Seo được nhiều đội tuyển, CLB săn lùng chữ ký sau những thành công vang dội cùng các đội tuyển Việt Nam ảnh: VSI</em></p><p><br></p><p>Hợp đồng của VFF với ông Park Hang Seo có thời hạn tới tháng 30/1/2020, trong đó có điều khoản đàm phán gia hạn 3 tháng trước khi đáo hạn. Điều này đồng nghĩa với việc bắt đầu từ tháng 10/2019, đôi bên sẽ phải ngồi vào bàn đàm phán. Sau những thành công rực rỡ thời gian qua, mà gần đây nhất là ngôi vị Á quân King’s Cup 2019, HLV Park Hang Seo không chỉ trở thành “ngôi sao” ở Việt Nam và còn nổi tiếng khắp châu Á.</p><p>Tờ Star News của Hàn Quốc hôm qua nhận định VFF nên đẩy nhanh quá trình gia hạn hợp đồng với HLV Park Hang Seo để tránh sự nhòm ngó từ các nước láng giềng. Tờ này dẫn một số nguồn tin tiết lộ rằng các nước Đông Nam Á như Thái Lan, Malaysia và Indonesia đều đang tìm cách tiếp cận HLV Park Hang Seo, trong đó đại kình địch Thái Lan có lẽ là nước khát khao có được chữ ký của chiến lược gia người Hàn Quốc nhất. Thậm chí, họ sẵn sàng trả nhà cầm quân 60 tuổi mức lương 100.000 USD/tháng, gấp 5 lần những gì ông đang nhận ở Việt Nam.</p><p>Đây là điều dễ hiểu bởi dưới sự dẫn dắt của HLV Park Hang Seo gần 2 năm qua, tuyển Thái Lan đã mất vị thế “ông vua” vào tay đội tuyển Việt Nam. Ở giải giao hữu trước thềm VCK U23 châu Á 2018, đội U23 Thái Lan thất bại trước lứa Quang Hải và Bùi Tiến Dũng ngay trên sân nhà.</p><p>Đến Asian Games 2018, Olympic Thái Lan dừng cuộc chơi từ vòng bảng, trong khi Olympic Việt Nam lần đầu tiên lọt top 4 đội mạnh nhất. Tại AFF Cup 2018, “Voi chiến” trở thành cựu vương sau thất bại trước Malaysia ở bán kết, còn đội tuyển Việt Nam đoạt ngôi vô địch. Đến Asian Cup 2019, Thái Lan chỉ vượt qua vòng bảng, trong khi Việt Nam lọt top 8 đội mạnh nhất.</p><p>Mọi thứ càng trở nên tồi tệ hơn khi mới đây tuyển U23 Thái Lan thua U23 Việt Nam 0-4 ở vòng loại U23 châu Á, rồi tiếp tục chứng kiến tuyển Thái Lan hứng chịu thất bại đau đớn tại King ‘s Cup chỉ trong vòng một tuần. Ngay sau đó, Liên đoàn bóng đá Thái Lan (FAT) đã chia tay cả hai HLV là ông Sirisak Yodyardthai của tuyển Thái Lan và Alexander Gama của U23 Thái Lan, đồng thời đang ráo riết tìm người ngồi ở vị trí ghế nóng này.</p><p>Star News đánh giá, bóng đá Thái Lan cần người dẫn đường như HLV Park Hang Seo. Trong quá khứ, Thái Lan mạnh hơn, nhưng từ khi Park Hang Seo tới, đội tuyển Việt Nam mới là kẻ thống trị. “Với vị thế đang lên của ông Park, VFF sẽ phải đẩy nhanh quá trình gia hạn với HLV này. Hợp đồng giữa đôi bên chỉ còn thời hạn tới hết tháng 1 năm sau”, tờ báo này viết.</p><p>Không chỉ các nước Đông Nam Á, một số đội bóng của Hàn Quốc và một CLB của Trung Quốc cũng được cho là đang để mắt tới HLV Park Hang Seo. Dù vậy, người hâm mộ Việt Nam cũng có phần an tâm bởi trả lời truyền thông mới đây, nhà cầm quân người Hàn Quốc cho biết, ở lại Việt Nam là “ưu tiên số 1” bởi ông nhận được nhiều tình cảm từ người hâm mộ dải đất hình chữ S. Về phía VFF, Chủ tịch Lê Khánh Hải cũng khẳng định VFF chắc chắn sẽ giữ chân chiến lược gia 60 tuổi.</p><p class=\"ql-align-right\"><strong>HUYỀN MAI</strong></p><p><br></p>',2,'2019-06-17 16:27:34',19,447,0),(49,'Thỏa thuận hoàn tất! Man Utd đồng ý bán đứt Lukaku giá khủng','img/news-800094027.jpg','Báo giới Anh thời gian qua cho hay, Romelu Lukaku có ý định chia tay Man United để chuyển sang Italia thi đấu trong kỳ chuyển nhượng mùa Hè năm nay. Lý do là bởi, Lukaku lo lắng, anh không đ...','<p class=\"ql-align-justify\"><strong>Manchester United và Inter Milan đã đạt thỏa thuận chuyển nhượng Romelu Lukaku.</strong>Báo giới Anh thời gian qua cho hay, Romelu Lukaku có ý định chia tay Man United để chuyển sang Italia thi đấu trong kỳ chuyển nhượng mùa Hè năm nay. Lý do là bởi, Lukaku lo lắng, anh không được đảm bảo vị trí đá chính dưới thời Solskjaer.</p><p class=\"ql-align-justify\">Thực tế thì, kể từ khi lên thay thế Jose Mourinho ngồi ghế nóng sân Old Trafford, Solskjaer liên tục giao phó vai trò tiền đạo chủ lực cho Marcus Rashford. Tờ&nbsp;Tuttosport còn tiết lộ, Man United đã sẵn sàng bán đứt Lukaku nếu nhận được lời đề nghị hợp lý.</p><p><span style=\"background-color: transparent;\"><img src=\"http://media.bongda.com.vn/resize/630x354/files/hai.phan/2019/06/18/z-1210.jpg\" alt=\"Inter, Man U agree €70m Lukaku fee - Bóng Đá\" height=\"354\" width=\"630\"></span><em>&nbsp;</em></p><p><em>Man Utd chấp nhận bán Lukaku cho Inter Milan.</em></p><p class=\"ql-align-justify\">Được biết, Inter Milan rất khao khát có được chữ ký của Lukaku.&nbsp;Chân sút người Bỉ là cái tên mà HLV Antonio Conte muốn làm việc cùng.&nbsp;Theo Gazzetta dello Sport, Lukaku đã đạt được mọi điều khoản cá nhân gia nhập Inter Milan. Lúc này đây, vấn đề duy nhất là mức phí chuyển nhượng của Lukaku.</p><p class=\"ql-align-center\"><br></p><p class=\"ql-align-justify\">Mới nhất, nguồn tin từ&nbsp;Sportmediaset khẳng định, sau nhiều cuộc đàm phán, Man United và Inter Milan đã chốt xong mức giá bán chuyển nhượng của Lukaku. Cụ thể,&nbsp;<strong style=\"background-color: transparent;\">Inter Milan đã chấp nhận yêu cầu 70 triệu bảng do Man United đề nghị.</strong></p><p class=\"ql-align-justify\">Như vậy, nếu không có gì bất ngờ, Lukaku sẽ chia tay Man United để chuyển tới khoác áo Inter Milan ngay trong mùa Hè năm nay.&nbsp;Lukaku đã có 28 bàn sau 55 trận tại Premier League trong màu áo Man United và là cầu thủ ghi bàn hàng đầu của ĐTQG Bỉ.</p><iframe class=\"ql-video\" frameborder=\"0\" allowfullscreen=\"true\" src=\"about:blank\" height=\"0\" width=\"0\"></iframe><p><br></p><p>Tiểu Lam</p><p><br></p>',2,'2019-06-18 13:39:48',20,0,0),(50,'Sốc: PSG chấp thuận nhượng lại Neymar cho Barcelona!','img/news-194520622.jpg',' Paris St German (PSG) đã chấp thuận để Neymar trở lại sân Nou Camp. Nhưng đi kèm với đó là điều kiện đội bóng xứ Catalan sẽ phải “hy sinh” một trong số những trụ cột của mình cùng với 1/2 giá trị chuyển nhượng của cầu thủ người Brazil.','<p class=\"ql-align-justify\"><strong style=\"background-color: transparent;\">Paris St German (PSG) đã chấp thuận để Neymar trở lại sân Nou Camp. Nhưng đi kèm với đó là điều kiện đội bóng xứ Catalan sẽ phải “hy sinh” một trong số những trụ cột của mình cùng với 1/2 giá trị chuyển nhượng của cầu thủ người Brazil.</strong></p><p><em style=\"background-color: transparent;\"><img src=\"http://vnmedia.vn/dataimages/201906/original/images2346443_neymar_2.jpg\" alt=\"Muốn có Neymar...\"></em></p><p><em style=\"background-color: transparent; color: rgb(0, 0, 255);\">Muốn có Neymar...</em></p><p><em style=\"background-color: transparent;\"><img src=\"http://vnmedia.vn/dataimages/201906/original/images2346444_dembele.jpg\" alt=\"... Barcelona sẽ phải chịu mất một số trụ cột của mình\"></em></p><p><em style=\"background-color: transparent; color: rgb(0, 0, 255);\"><span class=\"ql-cursor\">﻿</span>... Barcelona sẽ phải chịu mất một số trụ cột của mình</em></p><p class=\"ql-align-justify\">Thương vụ chuyển nhượng Neymar bất ngờ có diễn biến mới hết sức đáng chú ý. Tờ Globe Sports ngày 18/6 đưa tin, đại diện cấp cao của Barcelona và PSG đã bí mật gặp gỡ cuối tuần qua để bàn về tương lai của Neymar.</p><p class=\"ql-align-justify\">Cách đây hơn 2 năm, Neymar đã chia tay Barcelona để tìm kiếm thành công ở PSG, đồng thời muốn khẳng định mình và bước ra khỏi “cái bóng” quá lớn của Lionel Messi. Thế nhưng, cầu thủ người Brazil rất chật vật để thích nghi với cuộc sống tại Paris.</p><p class=\"ql-align-justify\">Anh còn không ít lần bị chỉ trích và thậm chí nhận cảnh cáo từ giới chủ PSG vì thói ăn chơi, vô kỷ luật của mình. Trong khi đó, Neymar lại thường xuyên bóng gió về khả năng chia tay PSG, khiến đội bóng Pháp không còn đủ kiên nhẫn với cầu thủ người Brazil.</p><p class=\"ql-align-justify\">Trong lúc đó, Barcelona lại rất muốn tái hợp cầu thủ cũ sau khi cầu thủ đóng thế - Coutinho – không thể lấp được khoảng trống do Neymar để lại. Đó là lý do PSG và Barcelona buộc phải ngồi lại đàm phán.</p><p class=\"ql-align-justify\">Báo chí Pháp cho hay, PSG về cơ bản đã đồng ý để Neymar ra đi nhưng với điều kiện Barcelona phải đưa Dembele hoặc bộ đôi Rakitic và Umtiti vào bản hợp đồng cùng với số tiền hơn 100 triệu euro!</p><p class=\"ql-align-justify\">Hiện tại, Barcelona vẫn chưa có phản hồi chính thức về yêu cầu của PSG.</p><p class=\"ql-align-justify\">Trong lúc này, Neymar vẫn đang dưỡng thương sau khi gặp phải chấn thương nặng&nbsp;ở trận giao hữu trước thềm Copa America 2019. Anh hiện còn hơn 2 năm hợp đồng với PSG.</p><p class=\"ql-align-right\"><strong style=\"background-color: transparent;\">Minh Quang</strong></p><p><br></p>',2,'2019-06-18 13:41:17',20,0,0),(51,'MU dự tính “trói chân” Paul Pogba bằng mức lương 500.000 Bảng/tuần','img/news-752695221.jpg','Theo Daily Mail, ban lãnh đạo MU đang chuẩn bị đưa ra đề nghị “không tưởng” nhằm trói chân Paul Pogba với mức lương 500.000 Bảng/tuần.','<p><strong>Theo Daily Mail, ban lãnh đạo MU đang chuẩn bị đưa ra đề nghị “không tưởng” nhằm trói chân Paul Pogba với mức lương 500.000 Bảng/tuần.</strong></p><p><a href=\"https://images.vov.vn/w990/uploaded/frf8b6lqiprwhdtzaag/2019_06_18/pogba_mu_pham.jpg\" target=\"_blank\" style=\"color: rgb(6, 69, 173);\"><img src=\"https://images.vov.vn/w800/uploaded/frf8b6lqiprwhdtzaag/2019_06_18/pogba_mu_pham.jpg\" alt=\"mu du tinh &quot;troi chan&quot; paul pogba bang muc luong 500 nghin bang/tuan hinh 1\" width=\"734\" style=\"\"></a></p><p><em style=\"color: rgb(6, 69, 173);\"><span class=\"ql-cursor\">﻿</span></em><em>MU dự tính \"trói chân\" Paul Pogba bằng mức lương 500 nghìn Bảng/tuần. (Ảnh: Sky Sports)</em></p><p class=\"ql-align-justify\">Theo Daily Mail, ban lãnh đạo MU đang chuẩn bị đưa ra đề nghị “không tưởng” nhằm trói chân Paul Pogba. Mức lương của ngôi sao người Pháp sẽ được tăng từ 290 nghìn Bảng/tuần lên 500 nghìn Bảng/tuần nếu đồng ý gắn bó với sân Old Trafford.</p><p class=\"ql-align-justify\">Mức lương này sẽ biến Paul Pogba trở thành cầu thủ có thu nhập cao nhất ở sân Old Trafford, vượt qua Alexis Sanchez, người đang nhận mức lương 350 nghìn Bảng/tuần sau khi chuyển tới MU từ Arsenal.</p><p class=\"ql-align-justify\">Thông tin này xuất hiện, chỉ ít ngày sau khi Paul Pogba tuyên bố: “Tôi đã trải qua 3 năm với nhiều kỷ niệm vui buồn lẫn lộn cùng MU. Giờ có lẽ là thời điểm thích hợp để tôi tìm kiếm thử thách mới cho bản thân mình”.</p><p class=\"ql-align-center\"><br></p><p class=\"ql-align-justify\">Hiện tại, hợp đồng của Paul Pogba và MU vẫn còn thời hạn 2 năm. Tuy nhiên, tiền vệ người Pháp đang được Real Madrid và Juventus theo đuổi một cách quyết liệt, kéo theo vô số tin đồn trên các mặt báo xứ sở sương mù.</p><p class=\"ql-align-justify\">Ngoài việc tăng lương, ban huấn luyện MU cũng dự tính sẽ trao băng thủ quân cho Paul Pogba, sau khi Antonio Valencia ra đi. Tiền vệ người Pháp được xem là nhân vật phù hợp nhất để làm thủ lĩnh trong phòng thay đồ MU vào lúc này./.</p><p class=\"ql-align-center\"><br></p><p class=\"ql-align-right\"><strong>PV/VOV.VN</strong></p><p><br></p>',2,'2019-06-18 13:42:15',20,0,0),(52,'Vá hàng thủ, M.U tính chiêu mộ trung vệ đắt giá nhất thế giới','img/news-411690384.jpg','Muốn có được chữ kí của Maguire, M.U sẽ phải chi ra ít nhất 80 triệu bảng. Đây là một con số khủng khiếp và nếu xảy ra nó sẽ biến Maguire trở thành trung vệ đắt giá nhất lịch sử.','<p><strong>&nbsp;Muốn có được chữ kí của Maguire, M.U sẽ phải chi ra ít nhất 80 triệu bảng. Đây là một con số khủng khiếp và nếu xảy ra nó sẽ biến Maguire trở thành trung vệ đắt giá nhất lịch sử.</strong></p><p><a href=\"https://image2.tienphong.vn/665x449/Uploaded/2019/vkwfkx_mdf/2019_06_17/harry_maguire_01_mxyw.jpg\" target=\"_blank\" style=\"color: rgb(51, 51, 51);\"><img src=\"https://image2.tienphong.vn/665x449/Uploaded/2019/vkwfkx_mdf/2019_06_17/harry_maguire_01_mxyw.jpg\" alt=\"Harry Maguire là mục tiêu chuyển nhượng hàng đầu của M.U.\"></a></p><p><em>Harry Maguire là mục tiêu chuyển nhượng hàng đầu của M.U.</em></p><p class=\"ql-align-justify\">Hàng thủ chính là vấn đề đau đầu nhất của M.U trong mùa giải vừa qua, đặc biệt là giai đoạn cuối mùa. Eric Bailly và Marcos Rojo liên tục dính chấn thương; Phil Jones và Chris Smalling sa sút thảm hại vì tuổi tác, thậm chí còn thường xuyên mắc những sai lầm đáng trách; Timothy Fosu-Mensah thì quá thiếu kinh nghiệm thi đấu; chỉ có Victor Lindelof mang lại chút tin tưởng, nhưng lại yếu ở khả năng không chiến…</p><p class=\"ql-align-justify\">Trong bối cảnh ấy, HLV Ole Gunnar Solskjaer buộc phải tăng cường ít nhất thêm 1 phương án chất lượng trong kỳ chuyển nhượng mùa hè 2019. Cái tên mà ông nhắm tới chính là Harry Maguire. Thực tế, M.U đã để ý trung vệ 26 tuổi người Anh này kể từ mùa hè năm ngoái, nhưng không thể như ý trước thái độ cứng rắn của Leicester City.</p><p class=\"ql-align-justify\">Được biết, muốn có được chữ kí của Maguire, M.U sẽ phải chi ra ít nhất 80 triệu bảng. Đây là một con số khủng khiếp và nếu xảy ra nó sẽ biến Maguire trở thành trung vệ đắt giá nhất lịch sử, vượt qua cả Virgil van Dijk (cầu thủ trị giá 75 triệu bảng của Liverpool).</p><p class=\"ql-align-justify\">Trước tình hình này, ban lãnh đạo M.U đã buộc phải lên phương án khác để thuyết phục Leicester City. Theo đó, “Quỷ đỏ” sẵn sàng hy sinh 2 ngôi sao là Eric Bailly và Marcos Rojo như là một phần của bản hợp đồng chiêu mộ Maguire.</p><p class=\"ql-align-justify\">Hiện phía Leicester City vẫn chưa phản hồi về lời đề nghị mới này từ phía đội chủ sân Old Trafford, nhưng chắc chắn họ sẽ phải cân nhắc vì vừa có tiền lại vừa có thêm 2 sự lựa chọn giàu kinh nghiệm.</p><p class=\"ql-align-justify\">Đến thời điểm này của kỳ chuyển nhượng hè, M.U mới chỉ mua được một tân binh là cầu thủ chạy cánh Daniel James từ Swansea với giá 17 triệu bảng. Tuy vậy, Daniel James còn trẻ, thiếu kinh nghiệm và sẽ cần nhiều thời gian để chứng tỏ khả năng của mình.</p><p class=\"ql-align-right\"><strong>LÂM VĂN</strong></p><p><br></p>',2,'2019-06-18 13:43:52',20,0,0),(53,'Soi kèo, tỷ lệ cược Brazil vs Venezuela: Thêm một lần ra oai','img/news-623287727.jpg','Soi kèo, tỷ lệ cược Brazil vs Venezuela (7h30 ngày 19/6) trong khuôn khổ lượt trận thứ hai bảng A Copa America 2019, nhà cái đánh giá Brazil cao hơn nên đưa ra tỷ lệ chấp chính là...','<p><strong style=\"color: rgb(0, 0, 0);\">Soi kèo, tỷ lệ cược Brazil vs Venezuela (7h30 ngày 19/6) trong khuôn khổ lượt trận thứ hai bảng A Copa America 2019, nhà cái đánh giá Brazil cao hơn nên đưa ra tỷ lệ chấp chính là 0:2 1/4.</strong></p><p class=\"ql-align-justify\">Ở lượt trận ra quân, Brazil đã thể hiện sức mạnh và đẳng cấp cũng như khát vọng khi là chủ nhà Copa America. Trước một Bolivia quá yếu, Brazil đã không gặp nhiều khó khăn để giành chiến thắng 3-0.</p><p class=\"ql-align-justify\">Trong khi đó, Venezuela đã phòng ngự kiên cường để có được 1 điểm rất quan trọng trước Peru. Mục tiêu phù hợp với đội bóng này là nhắm tới vị trí thứ ba có thành tích tốt để giành quyền đi tiếp. Trong trường hợp thuận lợi, Venezuela có thể cạnh tranh vị trí nhì bảng nếu Peru chơi không tốt trước Bolivia ở trận đấu trước đó.</p><p class=\"ql-align-center\"><img src=\"http://streaming1.danviet.vn/images/2014/share-fb.gif\" height=\"20\" width=\"67\">&nbsp;<img src=\"http://streaming1.danviet.vn/images/2014/share-gg.gif\" height=\"20\" width=\"67\"></p><p class=\"ql-align-center\"><img src=\"http://streaming1.danviet.vn/upload/2-2019/images/2019-06-18/Soi-keo-ty-le-cuoc-Brazil-vs-Venezuela-Them-mot-lan-ra-oai-2-1560825041-width700height430.jpg\" alt=\"soi keo, ty le cuoc brazil vs venezuela: them mot lan ra oai hinh anh 1\" width=\"642\" style=\"\"></p><p class=\"ql-align-center\"><em>Brazil nhiều khả năng lại được tận hưởng niềm vui chiến thắng</em></p><p class=\"ql-align-justify\">Đội hình của Brazil gồm rất nhiều cầu thủ giàu kinh nghiệm và có tên tuổi. Trải đều các tuyến, HLV Tite ưu tiên sử dụng những ngôi sao đã có nhiều năm gắn bó với đội tuyển Brazil. Bởi vậy, những cái tên như Thiago Silva, Daniel Alves, Coutinho, Marquinhos... được xếp đá chính ở trận gặp Bolivia.</p><p class=\"ql-align-justify\">Vòng bảng với những đội yếu hơn hẳn không phải thử thách lớn lao với Brazil. Tuy vậy, trong bối cảnh thiếu vắng ngôi sao sáng nhất là Neymar, Brazil vẫn cần có những chiến thắng ấn tượng để khiến người hâm mộ yên tâm và bản thân họ tự tin trước các trận đấu loại trực tiếp.</p><p class=\"ql-align-justify\">Đã 20 năm qua, Brazil không thể giành chức vô địch Copa America. Chính vì vậy, ở giải đấu trên sân nhà, các vũ công samba càng có động lực để hướng đến ngôi vương. Trên chặng đường chinh phục chức vô địch, một chiến thắng trước đội yếu như Venezuela được coi là đương nhiên và rất khả thi.</p><p class=\"ql-align-justify\">Nhà cái đánh giá Brazil cao hơn hẳn nên đưa ra tỷ lệ chấp chính lên tới 0:2 1/4. Venezuela hiện đã chơi tốt hơn so với chính họ trước đây, nhưng khi chạm trán Brazil, họ tất nhiên trở nên mong manh, dễ vỡ. Lựa chọn Brazil vẫn là hợp lý bởi không loại trừ đây lại một màn “tập sút” của đội chủ nhà.</p><p class=\"ql-align-justify\">Về tỷ lệ Tài – Xỉu, tỷ lệ chính là 3 hòa. Tỷ lệ này cho thấy, nhà cái không đánh giá cao khả năng Venezuela ghi được bàn. Mặc dù vậy, nếu đã nhận Brazil là đội mạnh hơn thì lựa chọn Tài vẫn là giải pháp an toàn.</p><p class=\"ql-align-justify\"><strong>Dự đoán:</strong>&nbsp;Chọn Brazil và Tài.</p><p><br></p>',2,'2019-06-18 13:47:08',20,0,0),(54,'Chuyển nhượng ngày 18/6: Barca định mang Neymar trở lại, James đồng ý thỏa thuận với Napoli','img/news-811103554.jpg','Barca định mang Neymar trở lại; James đồng ý thỏa thuận với Napoli; Lukaku được khuyên sớm rời M.U... là những tin chính trong bản tin chuyển nhượng ngày 18/6.','<p><strong>Barca định mang Neymar trở lại; James đồng ý thỏa thuận với Napoli; Lukaku được khuyên sớm rời M.U... là những tin chính trong bản tin chuyển nhượng ngày 18/6.</strong></p><p class=\"ql-align-justify\"><strong style=\"background-color: transparent;\">Barca sẽ mang Neymar trở lại?</strong></p><p><span style=\"background-color: transparent;\"><img src=\"http://media.baonhandao.vn:82/uploads/medias/2019/06/18/550x500/fc-barcelona-v-paris-saint-germain-uefa-champions-league-round-of-16-second-leg-5bf4cd0a34013dca79000001-bb-baaadILjNM.jpg?v=1560835011354\" alt=\"fc-barcelona-v-paris-saint-germain-uefa-champions-league-round-of-16-second-leg-5bf4cd0a34013dca79000001\" width=\"626\" style=\"\"></span></p><p class=\"ql-align-justify\">Theo&nbsp;<em style=\"color: rgb(69, 69, 69); background-color: transparent;\">Globe Esporte</em>, Barca đang tiến sát tới việc đưa Neymar trở lại Camp Nou. Barca dự định trả 90 triệu bảng kèm 3 ngôi sao Ivan Rakitic, Samuel Umtiti và Ousmane Dembele để đổi lấy chữ ký của Neymar.&nbsp;Đội bóng Pháp được cho là đã bật đèn xanh để Neymar ra đi khi chủ tịch Nasser Al-Khelaifi phát biểu rằng ông không còn muốn thấy thái độ của những ngôi sao. \"Bất kỳ ai không còn muốn gắn bó với PSG, đội bóng sẽ để họ ra đi\".</p><p class=\"ql-align-justify\"><strong style=\"background-color: transparent;\">James đồng ý thỏa thuận với Napoli</strong></p><p class=\"ql-align-justify\">Tiền vệ James Rodriguez đã đồng ý các thỏa thuận cá nhân với Napoli, theo Gianluca Di Marzio. Hiện ngôi sao người Colombia đã hết hạn hợp đồng cho mượn ở Bayern Munich nhưng không được gã khổng lồ nước Đức mua đứt, trong khi đó HLV Zidane cũng không thích cầu thủ này trở lại Bernabeu.</p><p class=\"ql-align-justify\"><strong style=\"background-color: transparent;\">Man United tính mua sao Tottenham</strong></p><p class=\"ql-align-justify\">Theo&nbsp;<em style=\"color: rgb(69, 69, 69); background-color: transparent;\">Teamtalk</em>, \"Quỷ đỏ\" đang tính chiêu mộ tiền vệ Eric Dier của Tottenham để tăng cường hàng tiền vệ. Mục tiêu hàng đầu của MU là&nbsp;Tanguy Ndombele của Lyon được cho là muốn tới Tottenham hơn là đội chủ sân Old Trafford. Eric Dier được định giá 36 triệu bảng theo&nbsp;<em style=\"color: rgb(69, 69, 69); background-color: transparent;\">Transfermarkt</em>.</p><p class=\"ql-align-justify\"><strong style=\"background-color: transparent;\">Lukaku được khuyên sớm rời M.U</strong></p><p><span style=\"background-color: transparent;\"><img src=\"http://media.baonhandao.vn:82/uploads/medias/2019/06/18/550x500/sport-preview-lukaku-martinez-bb-baaadlvpFP.jpg?v=1560835030621\" alt=\"sport-preview-lukaku-martinez\" width=\"625\" style=\"\"></span></p><p class=\"ql-align-justify\">Theo Goal, HLV ĐT Bỉ Roberto Martinez không muốn Romelu Lukaku ngồi dự bị và đánh mất phong độ nên ông đã hối thúc tiền đạo 26 tuổi rời Old Trafford ở Hè này. Hiện cựu sao Chelsea và Everton đang được cho là có liên hệ với Inter Milan.</p><p class=\"ql-align-justify\"><strong style=\"background-color: transparent;\">Barca có thể bán Coutinho cho M.U</strong></p><p class=\"ql-align-justify\">Tờ&nbsp;<em style=\"color: rgb(69, 69, 69); background-color: transparent;\">Sport&nbsp;</em>thân Barca khẳng định viễn cảnh&nbsp;Barca&nbsp;bán Philippe Coutinho cho Man United là có thật trong mùa Hè 2019 nếu Paul Pogba rời khỏi đội chủ sân Old Trafford. Mức giá của Coutinho được tính toán khoảng 80 triệu euro. Tiền vệ người Brazil chơi không thành công trong màu áo Barca mùa vừa rồi, anh chỉ có 11 bàn cùng 5 đường kiến tạo sau 54 trận.</p><p class=\"ql-align-justify\"><strong style=\"background-color: transparent;\">West Ham rao bán Diop giá khủng</strong></p><p class=\"ql-align-justify\">The Hammer sẵn sàng nhả hậu vệ Issa Diop nếu đội bóng nào đồng ý trả 60 triệu bảng, theo Mirror. Ngôi sao 22 tuổi này đang được nhiều đội bóng lớn để ý nhưng mức giá trên khó lòng được đáp ứng.&nbsp;</p><p><strong style=\"background-color: transparent;\">Kim Quân</strong></p>',2,'2019-06-18 13:49:03',20,0,0),(55,'Thua thảm Chile, HLV Nhật Bản cay đắng thừa nhận sự thật','img/news-662464953.jpg',' HLV Hajime Moriyasu cho biết rất buồn vì ĐT Nhật Bản thảm bại với tỷ số 0-4 ở trận đầu tiên tại Copa America 2019 đồng thời thừa nhận đối thủ ở 1 đẳng cấp cao hơn.','<p><strong style=\"color: rgb(0, 0, 0);\">&nbsp;HLV Hajime Moriyasu cho biết rất buồn vì ĐT Nhật Bản thảm bại với tỷ số 0-4 ở trận đầu tiên tại Copa America 2019 đồng thời thừa nhận đối thủ ở 1 đẳng cấp cao hơn.</strong></p><p class=\"ql-align-justify\">Chơi không tệ ở trận đầu tiên của mình ở bảng C Copa America 2019 tuy nhiên Nhật Bản đã để thua đậm với tỷ số 0-4 trước Chile. Ba cầu thủ ghi bàn cho đội bóng Nam Mỹ là Erick Pulgar, Sanchez và Eduardo Vargas (cú đúp).</p><p class=\"ql-align-center\"><img src=\"http://streaming1.danviet.vn/images/2014/share-fb.gif\" height=\"20\" width=\"67\">&nbsp;<img src=\"http://streaming1.danviet.vn/images/2014/share-gg.gif\" height=\"20\" width=\"67\"></p><p class=\"ql-align-center\"><img src=\"http://streaming1.danviet.vn/upload/2-2019/images/2019-06-18/Thua-tham-Chile-HLV-Nhat-Ban-cay-dang-thua-nhan-su-that-japan-1560830286-width622height389.jpg\" alt=\"thua tham chile, hlv nhat ban cay dang thua nhan su that hinh anh 1\" width=\"566\" style=\"\"></p><p class=\"ql-align-center\"><em>HLV&nbsp;Hajime Moriyasu buồn vì đội nhà thua thảm.</em></p><p class=\"ql-align-justify\">Sau trận thua thảm Chile, HLV Hajime Moriyasu thừa nhận rất buồn, đồng thời công nhận đối thủ ở đẳng cấp cao hơn.</p><p class=\"ql-align-justify\">“Đây là thất bại rất buồn. Chúng tôi phải nhận ra sự thật về sự khác biệt thứ bóng đá chúng tôi đang trình diễn. Điều quan trọng nhất chúng tôi thu được ở trận này là các cầu thủ của tôi không hề sợ hãi trước nhà ĐKVĐ Chile. Chúng tôi đã tạo ra những cơ hội ghi bàn thực sự nhưng không thể chọc thủng lưới đối phương.</p><p class=\"ql-align-justify\">Sự thật rõ ràng là các cầu thủ Chile đều ở đẳng cấp rất cao. Khả năng quyết định, kỹ năng xử lý bóng, nói chung, cả tấn công và phòng thủ họ đều đạt đẳng cấp và chất lượng cao”, HLV trưởng ĐT Nhật Bản cho biết.</p><p class=\"ql-align-justify\">Dù để thua nhưng ông Hajime Moriyasu lạc quan vào khả năng đi tiếp của Nhật Bản tại Copa America 2019. Đội bóng châu Á sẽ đá trận thứ 2 của bảng C vào ngày 21/6&nbsp;gặp ứng viên vô địch Uruguay. Bốn ngày sau đó (25/6), Nhật Bản sẽ đá trận cuối cùng vòng bảng&nbsp;gặp Ecuador.</p><p class=\"ql-align-justify\">Đây là lần thứ 2 Nhật Bản dự Copa America và chưa giành được chiến thắng nào. Trước đó, đại diện châu Á từng dự Copa America 1999, bị loại ngay vòng bảng với 2 thất bại và 1 trận hòa.</p><p><br></p>',2,'2019-06-18 13:50:36',20,0,0),(56,'NÓNG: Bất ngờ với bến đỗ mới của Công Phượng tại Pháp','img/news-420722116.jpg','Không phải Paris FC như những gì đã đồn đoán mà Clermont Foot 63 FC mới là bến đỗ tiếp theo của tiền đạo Nguyễn Công Phượng.','<p><strong style=\"color: rgb(0, 0, 0);\">Không phải Paris FC như những gì đã đồn đoán mà Clermont Foot 63 FC mới là bến đỗ tiếp theo của tiền đạo Nguyễn Công Phượng.</strong></p><p class=\"ql-align-justify\">Thông tin trên vừa được tờ Goal xác nhận. Theo đó, Công Phượng sẽ sang thử việc ở&nbsp;Clermont Foot 63 - đội bóng xếp thứ 10 ở Ligue 2 mùa giải trước.</p><p class=\"ql-align-center\"><img src=\"http://streaming1.danviet.vn/upload/2-2019/images/2019-06-18/NoNG-Bat-ngo-voi-ben-do-moi-cua-Cong-Phuong-khong-phai-Paris-FC-2-1560827299-width578height325.jpeg\" alt=\"nong: bat ngo voi ben do moi cua cong phuong tai phap hinh anh 1\" width=\"602\" style=\"\"></p><p class=\"ql-align-justify\">Được thành lập vào năm 1911,&nbsp;Clermont Foot 63 FC chưa bao giờ thăng hạng lên chơi ở Ligue 1. Tuy nhiên, họ lại&nbsp;là đội bóng có thời gian tồn tại ở Ligue 2 lâu đời nhất với hơn 13 năm liên tục.</p><p class=\"ql-align-justify\">Lịch sử của&nbsp;Clermont Foot 63 FC không có nhiều điều đặc biệt. Mặc dù vậy, họ lại là đội bóng đầu tiên từng được dẫn dắt bởi một huấn luyện nữ.&nbsp;Năm 2014, họ 2 lần có HLV nữ trong cùng một mùa giải.</p><p class=\"ql-align-justify\">Hiện tại, người nắm giữ chiếc ghế nóng ở&nbsp;Clermont Foot 63 FC là ông&nbsp;Pascal Gastien.</p><p class=\"ql-align-center\"><br></p><p class=\"ql-align-center\"><img src=\"http://streaming1.danviet.vn/upload/2-2019/images/2019-06-18/NoNG-Bat-ngo-voi-ben-do-moi-cua-Cong-Phuong-khong-phai-Paris-FC-3-1560827343-width578height325.jpeg\" alt=\"nong: bat ngo voi ben do moi cua cong phuong tai phap hinh anh 2\" width=\"637\" style=\"\"></p><p class=\"ql-align-justify\">Theo định giá của&nbsp;Transfermarkt, tổng giá trị đội hình của Clermont Foot hiện tại đạt 16,35 triệu euro. Đa số cầu thủ của&nbsp;Clermont Foot 63 FC đều thuộc lứa U23.</p><p class=\"ql-align-justify\">Việc không có nhiều điều đặc biệt khiến cho&nbsp;Clermont Foot 63 FC có thể trở thành điểm đến thích hợp dành cho Công Phượng. Bởi ở đây, tiền đạo xứ Nghệ sẽ không bị áp lực phải tỏa sáng giống như những bến đỗ trước đây.</p><p class=\"ql-align-center\"><br></p><p class=\"ql-align-center\"><img src=\"http://streaming1.danviet.vn/upload/2-2019/images/2019-06-18/NoNG-Bat-ngo-voi-ben-do-moi-cua-Cong-Phuong-khong-phai-Paris-FC-4-1560827389-width578height325.jpeg\" alt=\"nong: bat ngo voi ben do moi cua cong phuong tai phap hinh anh 3\" width=\"657\" style=\"\"></p><p class=\"ql-align-justify\">Hiện tại, Công Phượng&nbsp;đang gấp rút hoàn tất hồ sơ&nbsp;để sang Pháp. Anh sẽ có một tháng thử việc tại nơi này.</p><p class=\"ql-align-justify\">Nếu thử việc thành công, Công Phượng sẽ tiếp bước đàn anh Lê Công Vinh để trở thành cầu thủ thứ 2 của Việt Nam&nbsp;thi đấu tại châu Âu.</p><p class=\"ql-align-right\">Theo Chiêu Dương (90mins)</p><p><br></p>',2,'2019-06-18 13:53:05',21,0,0),(57,'Đấu Venezuela, Brazil đón tin vui từ “bom tấn” 50 triệu euro','img/news-155492947.jpg','Chia sẻ với báo chí mới đây, HLV Tite xác nhận, Eder Militao đã hoàn toàn bình phục chấn thương và sẵn sàng cho trận đấu với Venezuela ở lượt trận thứ 2 vòng bảng Copa America 2019 vào sáng ngày 19/6 tới đây.','<p><strong style=\"color: rgb(0, 0, 0);\">Chia sẻ với báo chí mới đây, HLV Tite xác nhận, Eder Militao đã hoàn toàn bình phục chấn thương và sẵn sàng cho trận đấu với Venezuela ở lượt trận thứ 2 vòng bảng Copa America 2019 vào sáng ngày 19/6 tới đây.</strong></p><p class=\"ql-align-justify\">Eder Militao chính là một trong những cái tên nhận được rất nhiều kỳ vọng ở thành phần ĐT Brazil dự Copa America 2019, nhất là trong bối cảnh Neymar không thể dự giải vì chấn thương. Hậu vệ 21 tuổi này vừa rời Porto để gia nhập Real Madrid với giá lên tới 50 triệu euro. Tuy vậy, ở trận mở màn gặp Olivia, Eder Militao đã không thể ra sân vì gặp vấn đề ở hông.</p><p class=\"ql-align-center\"><img src=\"http://streaming1.danviet.vn/images/2014/share-fb.gif\" height=\"20\" width=\"67\">&nbsp;<img src=\"http://streaming1.danviet.vn/images/2014/share-gg.gif\" height=\"20\" width=\"67\"></p><p class=\"ql-align-center\"><img src=\"http://streaming1.danviet.vn/upload/2-2019/images/2019-06-17/dau-Venezuela-Brazil-don-tin-vui-tu-bom-tan-50-trieu-euro-militao-01-1560773469-width491height370.jpg\" alt=\"dau venezuela, brazil don tin vui tu “bom tan” 50 trieu euro hinh anh 1\" width=\"682\" style=\"\"></p><p class=\"ql-align-center\"><em>&nbsp;Eder Militao đã hoàn toàn bình phục chấn thương.</em></p><p class=\"ql-align-justify\">Rất may là vấn đề kể trên không quá nghiêm trọng và Eder Militao đã có thể trở lại tập luyện cùng các đồng đội ở buổi tập mới nhất của ĐT Brazil. Theo xác nhận từ HLV Tite, cựu ngôi sao Sao Paulo chắc chắn sẽ có tên trong thành phần “Selecao” tham dự lượt trận thứ 2 bảng A Copa America 2019 với Venezuela vào sáng ngày 19/6 tới đây.</p><p class=\"ql-align-justify\">Trận mở màn, Brazil thắng đậm Bolivia tới 3-0 nhờ màn tỏa sáng của Philippe Coutinho (lập cú đúp), thế nhưng HLV Tite vẫn chưa thực sự hài lòng về lối chơi của toàn đội. Nhà cầm quân 58 tuổi này thừa nhận, đội đã chơi tương đối bế tắc trong hiệp 1 và mọi chuyện chỉ được tháo gỡ trong hiệp 2 nhờ một quả penalty ở phút 50.</p><p class=\"ql-align-justify\">“Chúng tôi cảm thấy điều đó. Các cầu thủ trẻ cảm thấy điều đó. HLV cảm thấy điều đó. Điều này từng xảy ra ở các đội bóng lớn, khi bạn không chơi tốt, khi bạn không làm CĐV hài lòng, họ sẽ la ó, phản đối bạn. Khi bạn chỉ biết chuyền về, các hậu vệ cách chuyền cho trung vệ rồi cho thủ môn, CĐV sẽ la hét phản đối. Họ chỉ ủng hộ khi chúng ta tiến lên phía trước, chơi tấn công và tạo ra cơ hội”, HLV Tite nói về việc CĐV Brazil phản đối đội nhà trong hiệp 1 trận đấu với Bolivia.</p><p><span style=\"color: rgb(0, 0, 0);\">“Trận ra quân luôn luôn rất khó khăn. Chúng tôi đã gặp khó khăn đặc biệt trong hiệp 1 nhưng đội bóng đã giành chiến thắng chung cuộc. Chúng tôi đã giành trọn 3 điểm rất quan trọng để tạo đà tâm lý tốt cho những trận tiếp theo. Các học trò của tôi đã cho thấy tinh thần rất vững vàng. Họ xứng đáng với 3 điểm trước Bolivia”, nhà cầm quân 58 tuổi nói thêm.</span></p>',2,'2019-06-18 13:54:38',20,0,0),(58,'Cắn răng trả lương khủng, vì sao M.U khó giữ chân Pogba?','img/news-635352982.jpg','Theo tờ Daily Mail, M.U sẽ cắn răng trả Paul Pogba mức lương tương đương Alexis Sanchez để giữ chân tuyển thủ Pháp.','<p><strong style=\"color: rgb(0, 0, 0);\">Theo tờ Daily Mail, M.U sẽ cắn răng trả Paul Pogba mức lương tương đương Alexis Sanchez để giữ chân tuyển thủ Pháp.</strong></p><p class=\"ql-align-justify\">Hiện tại Pogba đang có mặt ở châu Á thực hiện tour quảng bá hình ảnh cho nhà tài trợ Adidas. Khi đặt chân đến Nhật Bản, tuyển thủ Pháp đã gây sốc khi tuyên bố muốn rời M.U để tìm kiếm thử thách mới.</p><p class=\"ql-align-center\"><img src=\"http://streaming1.danviet.vn/images/2014/share-fb.gif\" height=\"20\" width=\"67\">&nbsp;<img src=\"http://streaming1.danviet.vn/images/2014/share-gg.gif\" height=\"20\" width=\"67\"></p><p class=\"ql-align-center\"><img src=\"http://streaming1.danviet.vn/upload/2-2019/images/2019-06-18/MU-can-rang-chi-luong-khung-giu-chan-Paul-Pogba-pa-1560821048-width634height454.jpg\" alt=\"can rang tra luong khung, vi sao m.u kho giu chan pogba? hinh anh 1\" width=\"726\" style=\"\"></p><p class=\"ql-align-center\"><em>Pogba quyết rời M.U</em></p><p class=\"ql-align-justify\">Trước tuyên bố nói trên, Pogba được cho đã gặp mặt lãnh đạo M.U để đệ đơn đòi đi. Ngôi sao 26 tuổi từng tuyên bố với người thân trong gia đình rằng sẽ tìm mọi cách để rời Old Trafford vào hè này “ngay cả khi phải nổi loạn”.</p><p class=\"ql-align-justify\">Trước quyết tâm đi bằng được của Pogba, M.U đã chấp nhận bán ngôi sao này cho Real Madrid nhưng đòi giá đúng 150 triệu bảng. Cách đây 3 năm, “Quỷ đỏ” mua lại Pogba từ Juventus với giá 89 triệu bảng.</p><p class=\"ql-align-justify\">Theo Daily Mail, Real Madrid không chấp nhận trả 150 triệu bảng như đòi hỏi của M.U. Cụ thể, “Kền kền trắng” chỉ chấp nhận chi 90 triệu bảng cho Pogba. Vì thế, M.U đang thuyết phục Pogba gia hạn hợp đồng mới, tăng lương lên hơn 500 nghìn bảng/tuần để giữ tuyển thủ Pháp ở lại Old Trafford.</p><p class=\"ql-align-justify\">Hiện tại Pogba nhận mức lương 290 nghìn bảng/tuần trong hợp đồng có thời hạn đến 2021. Tuy nhiên, rất khó để M.U giữ chân Pogba dù tăng lương khủng cho tuyển thủ Pháp.</p><p class=\"ql-align-justify\">Pogba nóng lòng muốn đi vì không tin M.U đủ sức cạnh tranh cách danh hiệu lớn ở mùa giải tới. Cựu cầu thủ Juventus còn quyết tâm đi bằng được vì không còn được CĐV yêu mến như những ngày mới trở lại Old Trafford.</p><p><br></p>',2,'2019-06-18 13:56:13',20,0,0),(59,'Nguyên thủ Trung – Mỹ sẽ gặp gỡ tại Hội nghị Thượng đỉnh G20 sắp tới','img/news-073356291.jpg','Tại cuộc điện đàm ngày 18/6, Tổng thống Mỹ Donald Trump và Chủ tịch Trung Quốc Tập Cận Bình đã xác nhận sẽ gặp nhau tại Hội nghị G20 sắp tới.','<p><strong>Tại cuộc điện đàm ngày 18/6, Tổng thống Mỹ Donald Trump và Chủ tịch Trung Quốc Tập Cận Bình đã xác nhận sẽ gặp nhau tại Hội nghị G20 sắp tới.</strong></p><p class=\"ql-align-justify\">Cũng tại cuộc điện đàm, Tổng thống Mỹ Donald Trump cho biết, ông mong chờ cuộc gặp với Chủ tịch Trung Quốc Tập Cận Bình bên lề Hội nghị Thượng đỉnh G20 sắp tới, để có thể trao đổi về quan hệ Trung – Mỹ cũng như các vấn đề mà hai bên cùng quan tâm.</p><p><a href=\"https://images.vov.vn/w990/uploaded/1nuq1sd3egocrb7fgmumzw/2019_06_18/my_trung_qzdf.jpg\" target=\"_blank\" style=\"color: rgb(6, 69, 173);\"><img src=\"https://images.vov.vn/w800/uploaded/1nuq1sd3egocrb7fgmumzw/2019_06_18/my_trung_qzdf.jpg\" alt=\"nguyen thu trung – my se gap go tai hoi nghi thuong dinh g20 sap toi  hinh 1\" style=\"\" width=\"738\"></a></p><p><em style=\"color: rgb(6, 69, 173);\"><span class=\"ql-cursor\">﻿</span></em><em>Phái đoàn Mỹ-Trung trong một cuộc gặp tại Washington. Ảnh: AP</em></p><p class=\"ql-align-justify\">Về vấn đề thương mại giữa hai nước, Tổng thống Mỹ Donald Trump khẳng định, Mỹ coi trọng hợp tác thương mại Mỹ - Trung, hy vọng đoàn đàm phán hai bên sẽ tìm được tiếng nói chung và nhanh chóng giải quyết những bất đồng trước mắt. Ông Trump cũng cho rằng, cả thế giới đều hy vọng Mỹ - Trung đạt được Thỏa thuận chung về vấn đề này.</p><p class=\"ql-align-justify\">Chủ tịch Trung Quốc Tập Cận Bình cho rằng, trong thời gian qua, quan hệ Trung – Mỹ đối mặt với một số khó khăn, không phù hợp với lợi ích của cả hai bên. Điều hai bên cần làm là căn cứ theo những nhận thức chung mà nguyên thủ hai nước đã đạt được, trên cơ sở tôn trọng lẫn nhau, cùng có lợi, thúc đẩy quan hệ Trung – Mỹ hài hòa, hợp tác và ổn định.</p><p class=\"ql-align-justify\">&nbsp;Chủ tịch Trung Quốc nhấn mạnh, với tư cách là hai nền kinh tế lớn nhất thế giới, Trung – Mỹ cần cùng nhau phát huy vai trò dẫn dắt, thúc đẩy Hội nghị Thượng đỉnh G20 sắp tới tại Osaka, Nhật Bản đạt được nhiều kết quả tích cực.</p><p class=\"ql-align-center\"><br></p><p class=\"ql-align-justify\">Chủ tịch Trung Quốc bày tỏ, ông mong muốn gặp Tổng thống Mỹ Donald Trump bên lề Hội nghị Thượng đỉnh G20 sắp tới để trao đổi, thảo luận về những vấn đề mang tính căn bản trong việc phát triển quan hệ Trung – Mỹ.</p><p class=\"ql-align-justify\">Về vấn đề thương mại giữa hai bên, Chủ tịch Trung Quốc Tập Cận Bình cho rằng, hai bên cần thông qua đối thoại bình đẳng để giải quyết vấn đề, trong đó then chốt là cần quan tâm đến nhu cầu hợp lý của mỗi bên, đoàn đàm phán hai nước cần tích cực trao đổi về việc làm sao giải quyết được những bất đồng hiện nay giữa hai nước.</p><p class=\"ql-align-center\"><br></p><p class=\"ql-align-justify\">Tại cuộc điện đàm, Chủ tịch Trung Quốc Tập Cận Bình cũng mong muốn Mỹ đối xử công bằng với các doanh nghiệp của nước này. Việc nguyên thủ hai nước Trung – Mỹ điện đàm, đồng ý tiến hành gặp gỡ bên lề Hội nghị Thượng đỉnh G20 sắp tới đã chấm dứt những đồn đoán trước đó về khả năng hai bên không gặp nhau do những bất đồng trong chiến tranh thương mại giữa hai nước, đồng thời mở ra hy vọng giảm bớt căng thẳng hiện nay giữa hai bên.</p><p class=\"ql-align-justify\">Trước đó, Tổng thống Mỹ Donald Trump cũng nhiều lần khẳng định, nếu Chủ tịch Trung Quốc Tập Cận Bình không đồng ý gặp ông tại Hội nghị Thượng đỉnh G20 sắp tới, Mỹ sẽ áp biểu thuế mới đối với 300 tỷ đôla Mỹ hàng hóa nhập khẩu từ Trung Quốc./.</p><p class=\"ql-align-right\"><strong>PV/VOV-Bắc Kinh</strong></p><p><br></p>',2,'2019-06-18 23:05:23',2,0,0),(60,'Công an tỉnh Đắk Lắk phối hợp hiệu quả với các cơ quan báo chí','img/news-516990854.jpg','Ngày 17/6, Công an tỉnh Đắk Lắk đã tổ chức buổi gặp mặt báo chí nhân Kỷ niệm 94 năm ngày Báo chí Cách mạng Việt Nam (21/6/1925 - 21/6/2019) và thông tin kết quả công tác đảm bảo an ninh trật tự trên địa bàn 6 tháng đầu năm 2019.','<p><strong>Ngày 17/6, Công an tỉnh Đắk Lắk đã tổ chức buổi gặp mặt báo chí nhân Kỷ niệm 94 năm ngày Báo chí Cách mạng Việt Nam (21/6/1925 - 21/6/2019) và thông tin kết quả công tác đảm bảo an ninh trật tự trên địa bàn 6 tháng đầu năm 2019.</strong></p><p><span style=\"background-color: transparent;\"><img src=\"http://media.baonhandao.vn:82/uploads/medias/2019/06/18/550x500/quang-canh-buoi-gap-mat-bb-baaabU2Ohq.jpg\" alt=\"quang cảnh buổi gặp mặt\" style=\"\" width=\"718\"></span></p><p>Quang cảnh buổi gặp mặt chào mừng ngày Báo chí Cách mạng Việt Nam 21/6.</p><p class=\"ql-align-justify\">Tại buổi gặp mặt, Đại tá Vũ Hồng Văn – Giám đốc Công an tỉnh đã gửi những lời chúc tốt đẹp đến toàn thể đội ngũ những người làm báo nhân kỷ niệm 94 năm Ngày Báo chí cách mạng Việt Nam (21/6/1925-21/6/2019).Đồng thời, Đại tá Văn cũng ghi nhận những đóng góp của đội ngũ những người làm báo đối với hoạt động của tỉnh nói chung và đối với công tác phối hợp tuyên truyền trên lĩnh vực an ninh chính trị, trật tự an toàn xã hội của tỉnh nói riêng thời gian qua. Đặc biệt là tích cực thông tin, tuyên truyền cho cán bộ, đảng viên và nhân dân trên địa bàn tỉnh nhận thức đầy đủ về chủ trương, đường lối, chính sách của Đảng, pháp luật của Nhà nước; hiểu rõ được các âm mưu, phương thức, thủ đoạn chống phá của các thế lực thù địch và các loại tội phạm; phản ánh, cung cấp kịp thời nhiều thông tin liên quan giúp cơ quan Công an phòng ngừa, phát hiện, điều tra và xử lý tội phạm và các hành vi vi phạm pháp luật; biểu dương kịp thời gương điển hình tiên tiến, dũng cảm tấn công trấn áp tội phạm…</p><p class=\"ql-align-center\"><span style=\"background-color: transparent;\"><img src=\"http://media.baonhandao.vn:82/uploads/medias/2019/06/18/550x500/giam-doc-van-bb-baaacpzuQM.jpg\" alt=\"giám đốc Văn\" style=\"\" width=\"643\"></span></p><p class=\"ql-align-center\"><em style=\"background-color: transparent; color: rgb(69, 69, 69);\">Đại tá Vũ Hồng Văn – Giám đốc Công an tỉnh phát biểu tại buổi gặp mặt.</em></p><p class=\"ql-align-justify\">Thượng tá Bùi Trọng Tuấn, Trưởng phòng Tham mưu Công an tỉnh Đắk Lắk cho biết trong 6 tháng đầu năm, tình hình an ninh trật tự trên địa bàn tiếp tục được giữ vững ổn định.</p><p class=\"ql-align-justify\">Tuy nhiên, nổi lên một số vấn đề đáng chú ý như một số đối tượng phản động mặc dù đã được đấu tránh, xử lý, được các cấp chính quyền và quần chúng nhân dân cảm hóa giáo dục, tạo điều kiện ổn định cuộc sống nhưng vẫn tiếp tục lén lút liên lạc, nhận chỉ đạo của các đối tượng phản động lưu vong.</p><p class=\"ql-align-justify\">An ninh ở một số địa bàn còn phức tạp, nổi lên là vấn đề tranh chấp, khiếu kiện giữa người dân và các công ty nông, lâm nghiệp với hàng trăm lượt tụ tập đông người.</p><p class=\"ql-align-justify\">Tội phạm về trật tự xã hội giảm 6,44% so với cùng kỳ nhưng tính chất, hậu quả còn nghiêm trọng; tội phạm giết người tăng 4 vụ, đáng chú ý có 5 vụ giết người thân. Tội phạm đánh bạc, tổ chức đánh bạc hoạt động tinh vi, quy mô lớn, dùng công nghệ cao, thu hút nhiều người tham gia.</p><p class=\"ql-align-justify\">Riêng tội phạm liên quan đến hoạt động tín dụng đen núp bóng doanh nghiệp, cầm đồ gây ra nhiều hệ lụy cho xã hội, gây bất an cho quần chúng nhân dân. Tại thời điểm tháng 12/2018, toàn tỉnh có gần 60 nhóm với trên 200 đối tượng hoạt động tín dụng đen.</p><p class=\"ql-align-justify\">Để xử lý loại tội phạm này, Công an tỉnh Đắk Lắk một mặt phối hợp với các cơ quan chức năng, tổ chức tuyên truyền; huy động lực lượng đoàn viên thanh niên ra quân bóc gỡ, xóa quảng cáo tín dụng đen, một mặt tổ chức trấn áp mạnh các nhóm tín dụng đen.</p><p class=\"ql-align-justify\">Đến nay, công an đã khởi tố, điều tra 3 vụ, triệt xóa, làm tan rã 53 nhóm với hơn 150 đối tượng và nhiều đối tượng hoạt động riêng lẻ, hàng chục cơ sở kinh doanh liên quan đến tín dụng đen, trong đó có những nhóm cho vay lãi suất lên đến 360%/năm.</p><p class=\"ql-align-justify\">Trong thời gian tới, Công an tỉnh Đắk Lắk mong muốn các cơ quan thông tấn, báo chí tiếp tục tăng cường phối hợp chặt chẽ với Công an tỉnh Đắk Lắk trong công tác tuyên truyền pháp luật, định hướng dư luận xã hội; vận động các tầng lớp nhân dân tham gia đấu tranh phòng chống các loại tội phạm, đảm bảo an ninh trật tự, bảo vệ cuộc sống bình yên và hạnh phúc của nhân dân.</p><p><strong style=\"background-color: transparent;\">Nguyễn Nhuận</strong></p>',2,'2019-06-18 23:07:30',2,0,0),(61,'Phó Bí thư Thành ủy TP.HCM: \'Anh Đoàn Ngọc Hải không muốn làm thì nên cho nghỉ\'','img/news-107265325.jpg','Liên quan đến việc ông Đoàn Ngọc Hải xin từ chức, ngày 18/6, Phó bí thư Thường trực Thành ủy TP.HCM Trần Lưu Quang nêu quan điểm cá nhân rằng nếu ông Đoàn Ngọc Hải không muốn làm thì nên cho nghỉ vì giữ lại sẽ khó hoàn thành tốt công việc được giao.','<p><strong>Liên quan đến việc ông Đoàn Ngọc Hải xin từ chức, ngày 18/6, Phó bí thư Thường trực Thành ủy TP.HCM Trần Lưu Quang nêu quan điểm cá nhân rằng nếu ông Đoàn Ngọc Hải không muốn làm thì nên cho nghỉ vì giữ lại sẽ khó hoàn thành tốt công việc được giao</strong></p><p><br></p><p class=\"ql-align-justify\">Liên quan đến vụ việc ông Đoàn Ngọc Hải xin từ chức Phó tổng giám đốc Tổng công ty xây dựng Sài Gòn TNHH Một thành viên, sáng ngày 18/6, trao đổi với báo Thanh Niên, ông Trần Lưu Quang - Phó bí thư Thường trực Thành ủy TP.HCM, cho biết: “Khi nào giải quyết xong, Ban cán sự Đảng UBND TP.HCM sẽ báo cho Thành ủy, Ban Thường vụ Thành ủy. Hiện tôi cũng chưa nghe anh em báo về hướng giải quyết thế nào nhưng theo ý kiến cá nhân của tôi anh Hải không muốn làm thì nên cho nghỉ. Vì trong bụng đã không muốn làm thì sao có thể hoàn thành tốt nhiệm vụ được”.</p><p class=\"ql-align-center\"><img src=\"http://media.baodansinh.vn/Images/2019/06/18/truongvpmn/oh.jpg\" alt=\"Phó Bí thư Thành ủy TP.HCM: \'Anh Đoàn Ngọc Hải không muốn làm thì nên cho nghỉ\' - Ảnh 1\" height=\"387\" width=\"665\" style=\"\"></p><p class=\"ql-align-center\"><em>Ông Đoàn Ngọc Hải nhận quyết định điều động làm Phó tổng giám đốc Tổng công ty xây dựng Sài Gòn TNHH Một thành viên.</em></p><p class=\"ql-align-justify\">Trước đó, sáng 4/6, UBND TP.HCM có quyết định&nbsp;<a href=\"http://baodansinh.vn/tag/bo-nhiem/\" target=\"_blank\" style=\"color: rgb(11, 96, 152);\">bổ nhiệm</a>, điều động ông Đoàn Ngọc Hải, Phó chủ tịch UBND quận (phụ trách đô thị) sang làm Phó tổng giám đốc Tổng công ty xây dựng Sài Gòn TNHH Một thành viên. Tuy nhiên, trong chiều cùng ngày, ông Đoàn Ngọc Hải có đơn từ chức gửi Thành ủy, UBND TP.HCM và Tổng công ty xây dựng Sài Gòn TNHH Một thành viên. Hiện các cơ quan có thẩm quyền đang giải quyết đơn xin từ chức của ông Đoàn Ngọc Hải.</p><p class=\"ql-align-justify\">Trước đây, khi còn làm Phó chủ tịch UBND quận 1, Thường vụ Quận ủy quận 1 thuộc diện cán bộ do Ban Thường vụ Thành ủy quản lý.&nbsp;Nhưng khi được điều động làm Phó tổng giám đốc Tổng công ty xây dựng Sài Gòn TNHH Một thành viên, việc quản lý ông Đoàn Ngọc Hải sẽ do Ban cán sự Đảng UBND TP.HCM phụ trách.</p><p class=\"ql-align-justify\">Tuy nhiên, trong chiều cùng ngày, ông Đoàn Ngọc Hải có đơn từ chức gửi Thành ủy, UBND TP.HCM và Tổng công ty xây dựng Sài Gòn TNHH Một thành viên.</p><p class=\"ql-align-justify\">Hiện các cơ quan có thẩm quyền đang giải quyết đơn xin từ chức của ông Đoàn Ngọc Hải.</p><p class=\"ql-align-right\"><strong style=\"color: rgb(34, 34, 34);\">PV (tổng hợp).</strong></p><p><br></p>',2,'2019-06-18 23:09:25',2,0,0),(62,'Thủ tướng: Ứng phó với biến đổi khí hậu là một cuộc chiến trường kỳ, khó khăn và nhiều phức tạp','img/news-952072360.jpg','Chiều 18/6, kết luận tại Hội nghị biến đổi khí hậu sau hai năm triển khai Nghị quyết 120/NQ-CP của Chính phủ, Thủ tướng Nguyễn Xuân Phúc cho rằng ĐBSCL đang đứng trước thách thức lớn, biến đổi khí hậu đang gây tác động nặng nề cho khu vực này.','<h2 class=\"ql-align-justify\"><strong>Chiều 18/6, kết luận tại Hội nghị biến đổi khí hậu sau hai năm triển khai Nghị quyết 120/NQ-CP của Chính phủ, Thủ tướng Nguyễn Xuân Phúc cho rằng ĐBSCL đang đứng trước thách thức lớn, biến đổi khí hậu đang gây tác động nặng nề cho khu vực này.</strong></h2><p class=\"ql-align-justify\">Theo Thủ tướng Nguyễn Xuân Phúc, liên kết vùng trong cơ chế điều phối vùng thì TP HCM có vai trò rất quan trọng, nhưng ĐBSCL là vựa lúa của cả nước cũng đóng vai trò quan trọng không kém. “Vì vậy, đầu tư cho ĐBSCL cũng là đầu tư cho TP HCM. Nó thể hiện mối tương tác không chỉ trong vùng mà còn với cả nước và cả Quốc tế”, Thủ tướng cho biết.&nbsp;</p><p class=\"ql-align-justify\"><span style=\"background-color: initial;\"><img src=\"http://baovephapluat.vn/data/images/0/2019/06/18/anlx/thu-tuong-nguyen-xuan-phuc.jpg?dpi=150&amp;quality=100&amp;w=630\" style=\"\" width=\"724\"></span></p><p class=\"ql-align-justify\"><em style=\"background-color: initial;\"><span class=\"ql-cursor\">﻿</span></em><em>Thủ tướng Nguyễn Xuân Phúc phát biểu tại hội nghị.&nbsp;</em></p><p class=\"ql-align-justify\">Thủ tướng Nguyễn Xuân Phúc cho rằng, ĐBSCL đang chịu ảnh hưởng nặng nề của biến đổi khí hậu, ảnh hưởng sinh kế của người dân nơi đây. Đặc biệt, 10 năm trở lại đây gần 1,7 triệu người di cư khỏi ĐBSCL, trong khi chưa tới 700 nghìn người tới khu vực này, điều này gây thách thức cho nhiều địa phương.</p><p class=\"ql-align-justify\">Thủ tướng Chính phủ cảm ơn phát biểu của một nhà khoa học nước ngoài khi lưu ý “Việt Nam cần thấy rằng, Israel khí hậu hạn hán, thiếu nước… nhưng&nbsp;họ đã là nước xuất khẩu nông nghiệp công nghệ cao hàng đầu thế giới”.</p><p class=\"ql-align-justify\">Thủ tướng cũng cho biết, thiên nhiên hà khắc và&nbsp;thật khó so sánh khí hậu xưa và nay, nhưng có điều chắc chắn khả năng ứng phó của chúng ta tốt hơn nhiều…. “Vậy sao phải lo lằng, sợ hãi, chúng ta không sợ hãi, phải thích ứng với nó.&nbsp;Chúng ta dựa vào quy luật tự nhiện để phát triển, nhưng điều này không có nghĩa là chúng ta chấp nhận số phận”</p><p class=\"ql-align-justify\">Ứng phó với biến đổi khí hậu phải biết tận dụng mọi nguồn lực, nhất là khoa học công nghệ cao. Nếu không có trời nóng thì không có máy lạnh nếu thời tiết không lạnh thì không sinh ra máy sưởi… Rõ ràng chúng ta thích ứng bằng các công nghệ hiện đại, chinh phục thiên nhiên bằng các công nghệ… giúp chúng ta ứng phó biến đối khí hậu, tăng cường khả năng thích ứng tốt hơn.</p><p class=\"ql-align-justify\">Thủ tướng cũng cho biết, sau hai năm thực hiện Nghị quyết 120 đã đạt được kết quả quan trọng, có thể nói khối lượng công việc rất nặng, nhưng chúng ta làm tốt hơn nữa trong thời gian tới, lan tỏa hơn nữa tính cộng đồng… Huy động triệt để trí tuệ khoa học, phát huy tất cả các ngành, các cấp trong việc này. Qua ý kiến thảo luận hôm nay, tôi đề nghị nghiên cứu và làm rõ:</p><p class=\"ql-align-justify\">Xác định phương châm chính phủ thúc đẩy các doanh nghiệp hành động, người dân hưởng ứng. Chính phủ sẽ kiến tạo, có cơ chế chính sách, bố trí lại nguồn lực, đào tạo nguồn nhân lực, tiếp cận bằng đầu tư cụ thể. Người dân tăng cường nhận thức, đồng thuận tham gia cùng Chính phủ.</p><p class=\"ql-align-justify\">Tái cơ cấu nền nông nghiệp cần đi từ hộ dân, cấp xã, huyện và lên cao nhất, cả nước cùng bắt tay hành động.</p><p class=\"ql-align-justify\">Thủ tướng cũng giao các Bộ, ngành thực hiện và thúc đẩy các nhiệm vụ đã được giao trong việc giúp khu vực ĐBSCL ứng phó và thích ứng với biến đổi khí hậu.</p><p class=\"ql-align-justify\">Cần ưu tiên đầu tư cho hạ tầng hơn nữa, phải làm cho bằng được tuyến đường TP HCM – Trung Lương - Mỹ Thuận. Các địa phương liên kết mạnh mẽ hơn để đối phó với biến đổi khi hậu, cần phát huy nhạc trưởng của TP HCM để điều phối vùng. “Tôi yêu cầu TP HCM đi tiên phong trong ứng phó để thích ưng với biến đổi khí hậu. Các bộ, ngành cần có các nguồn lực giúp đỡ các nhóm dễ bị tổn thương với biến đổi khí hậu, nhất là phụ nữ và trẻ em”.</p><p class=\"ql-align-justify\">Kết luận Hội nghị, Thủ tướng cho rằng, ứng phó với biến đổi khí hậu là một cuộc chiến trường kỳ, khó khăn và nhiều phức tạp. “Nhưng chúng ta không được sợ thiên tai. Tổ tiên đã khó nhọc mở cõi, chúng ta phải có trách nhiệm giữ gìn từng tất đất”, Thủ tướng nhấn mạnh./.</p><p class=\"ql-align-right\"><strong>Trân Định - Nguyễn Lánh</strong></p><p><br></p>',2,'2019-06-18 23:11:20',2,0,0),(63,'Sẽ giảm khoảng 5% số lượng cấp ủy viên cấp tỉnh, cấp huyện','img/news-178566291.jpg','Ngày 18/6, tại Hà Nội, Tạp chí Xây dựng Đảng (Ban Tổ chức Trung ương) tổ chức triển khai công tác thông tin tuyên truyền về Đại hội đảng bộ các cấp, tiến tới Đại hội toàn quốc lần thứ XIII của Đảng, cho phóng viên lĩnh vực xây dựng Đảng của một số cơ quan thông tấn, báo chí.','<h2 class=\"ql-align-justify\"><strong>Ngày 18/6, tại Hà Nội, Tạp chí Xây dựng Đảng (Ban Tổ chức Trung ương) tổ chức triển khai công tác thông tin tuyên truyền về Đại hội đảng bộ các cấp, tiến tới Đại hội toàn quốc lần thứ XIII của Đảng, cho phóng viên lĩnh vực xây dựng Đảng của một số cơ quan thông tấn, báo chí.</strong></h2><p class=\"ql-align-justify\">Tổng Biên tập Tạp chí Xây dựng Đảng Ngô Minh Tuấn đã thông tin nhanh những nét mới và một số nội dung cần quan tâm khi triển khai thực hiện Chỉ thị 35-CT/TW của Bộ Chính trị khóa XII.</p><p class=\"ql-align-justify\">Ông Ngô Minh Tuấn cho biết, Chỉ thị 35-CT/TW của Bộ Chính trị khóa XII về Đại hội đảng bộ các cấp, tiến tới Đại hội toàn quốc lần thứ XIII của Đảng, kế thừa có bổ sung 4 nội dung còn phù hợp trong Chỉ thị số 36-CT/TW của Bộ Chính trị khóa XI và cụ thể hóa các chủ trương, nghị quyết của Ban Chấp hành Trung ương khóa XII, phù hợp với yêu cầu thực tiễn.</p><p class=\"ql-align-justify\">Về cơ cấu cấp ủy theo địa bàn, lĩnh vực, Chỉ thị thống nhất quy định một số chức danh cụ thể có cơ cấu ban thường vụ. Số cơ cấu còn lại do cấp ủy quyết định theo yêu cầu thực hiện nhiệm vụ chính trị và khả năng đáp ứng của cán bộ. Đối với cơ cấu cán bộ nữ, trẻ, người dân tộc thiểu số trong cấp ủy, Chỉ thị 35-CT/TW định hướng phấn đấu đạt tỷ lệ cấp ủy viên nữ từ 15% trở lên và có cán bộ nữ trong Ban Thường vụ; tỷ lệ cán bộ trẻ từ 10% trở lên. Tỷ lệ cấp ủy viên là người dân tộc thiểu số phù hợp với đặc điểm, cơ cấu dân tộc và điều kiện cụ thể của từng địa phương, cơ quan, đơn vị.&nbsp;</p><p class=\"ql-align-justify\">Chỉ thị 35-CT/TW quy định rõ số lượng cấp ủy viên và ủy viên Ban Thường vụ các cấp; đồng thời do thực hiện Nghị quyết Trung ương 6, 7 khóa XII nên sẽ giảm khoảng 5% số lượng cấp ủy viên cấp tỉnh, cấp huyện so với số lượng tối đa đã được Trung ương xác định ở nhiệm kỳ 2015 - 2020. Quy trình nhân sự thực hiện theo Quy định số 105 ngày 19/12/2017 của Bộ Chính trị, hướng dẫn của cấp ủy có thẩm quyền và được cụ thể hóa để xây dựng quy trình mới đối với 2 đối tượng là nhân sự lần đầu tham gia cấp ủy và nhân sự tái cử cấp ủy.</p><p class=\"ql-align-justify\">Chỉ thị 35-CT/TW kế thừa, nhưng có điều chỉnh 3 nội dung trong Chỉ thị 36-CT/TW. Trong đó, Bộ Chính trị lãnh đạo, chỉ đạo thực hiện chủ trương bố trí Bí thư cấp ủy cấp tỉnh không là người địa phương theo lộ trình, phù hợp với đặc điểm, tình hình cụ thể và đáp ứng yêu cầu thực hiện nhiệm vụ chính trị của từng địa phương.&nbsp;</p><p class=\"ql-align-justify\">Cấp ủy cấp tỉnh chủ động xây dựng kế hoạch để đến năm 2025 cơ bản hoàn thành chủ trương này ở cấp huyện; khuyến khích thực hiện đối với các chức danh khác. Tiếp tục thực hiện chủ trương thí điểm bầu Bí thư cấp ủy tại Đại hội ở những nơi cấp ủy đoàn kết, thống nhất cao; nhân sự dự kiến giới thiệu là người tiêu biểu, hội tụ đủ phẩm chất, năng lực, uy tín...&nbsp;</p><p class=\"ql-align-justify\">Đại biểu đại hội Đảng bộ các cấp thực hiện theo hướng giữ nguyên số lượng đại biểu ở khối địa phương, nhưng đổi mới cách phân bổ để bảo đảm thành phần, cơ cấu, giới tính, dân tộc hợp lý. Bên cạnh đó, tăng số lượng đại biểu ở các ngành, lĩnh vực quan trọng.</p><p class=\"ql-align-justify\">Trong thời gian tới, ông Ngô Minh Tuấn đề nghị các cơ quan thông tấn, báo chí tập trung tuyên truyền tốt việc chuẩn bị Đại hội Đảng bộ các cấp tiến tới Đại hội toàn quốc lần thứ XIII của Đảng. Trong tuyên truyền phải thể hiện quan điểm, định hướng công tác chuẩn bị nhân sự và bầu cử phải thực hiện đúng điều lệ, quy chế, quy định của Đảng, pháp luật của Nhà nước; gắn kết chặt chẽ với công tác quy hoạch cán bộ và sắp xếp, bố trí nhân sự lãnh đạo cơ quan nhà nước các cấp nhiệm kỳ 2021 - 2026...</p><p class=\"ql-align-justify\">Các cơ quan báo chí có biện pháp chủ động phòng ngừa, cảnh giác, ngăn chặn, đấu tranh, không để tác động, chi phối bởi những thông tin giả, thông tin không chính thức có dụng ý xấu, nhất là những thông tin bịa đặt, xuyên tạc, gán ghép, xấu độc trên internet, mạng xã hội, liên quan đến công tác chuẩn bị nhân sự. Chú trọng phát hiện, giới thiệu những nhân tố mới có đức, có tài, có uy tín, có triển vọng thông qua hoạt động thực tiễn, nhất là cán bộ trẻ, cán bộ nữ, cán bộ là người dân tộc thiểu số tham gia cấp ủy...</p><p class=\"ql-align-right\"><strong>Quỳnh Hoa</strong>&nbsp;<em>(TTXVN)</em></p><p><br></p>',2,'2019-06-18 23:18:09',2,0,0),(64,'Tăng cường hợp tác năng lượng, thúc đẩy Sáng kiến Hạ nguồn Sông Mê Công','img/news-821679830.jpg',' Ngày 18/6/2019, tại Trụ sở Bộ Ngoại giao, Thứ trưởng thường trực Bộ Ngoại giao Bùi Thanh Sơn đã tiếp Trợ lý Ngoại trưởng Hoa Kỳ phụ trách an ninh năng lượng Francis Fannon đang có chuyến thăm làm việc tại Việt Nam.','<h3><strong>Ngày 18/6/2019, tại Trụ sở Bộ Ngoại giao, Thứ trưởng thường trực Bộ Ngoại giao Bùi Thanh Sơn đã tiếp Trợ lý Ngoại trưởng Hoa Kỳ phụ trách an ninh năng lượng Francis Fannon đang có chuyến thăm làm việc tại Việt Nam.</strong></h3><p><a href=\"https://baoquocte.vn/stores/news_dataimages/trunghieu/062019/18/15/in_article/0400__MG_7859P.jpg\" target=\"_blank\" style=\"color: rgb(9, 44, 79);\"><img src=\"https://baoquocte.vn/stores/news_dataimages/trunghieu/062019/18/15/in_article/0400__MG_7859P.jpg\" alt=\"tang cuong hop tac nang luong thuc day sang kien ha nguon song me cong\"></a></p><p><em>Thứ trưởng thường trực Bùi Thanh Sơn đón Trợ lý Ngoại trưởng Hoa Kỳ Francis Fannon. (Ảnh: Trung Hiếu)</em></p><p class=\"ql-align-justify\">Phát biểu tại cuộc gặp, Thứ trưởng thường trực Bùi Thanh Sơn bày tỏ vui mừng trước sự phát triển tích cực và toàn diện của quan hệ song phương Việt Nam – Hoa Kỳ thời gian qua, đánh giá quan hệ hai nước còn nhiều tiềm năng, cơ hội hợp tác trên cả bình diện song phương, khu vực và quốc tế; cho rằng hai bên cần duy trì phát triển quan hệ kinh tế - thương mại, trong đó có lĩnh vực năng lượng.</p><p><a href=\"https://baoquocte.vn/stores/news_dataimages/trunghieu/062019/18/15/in_article/0513__MG_7867P.jpg\" target=\"_blank\" style=\"color: rgb(9, 44, 79);\"><img src=\"https://baoquocte.vn/stores/news_dataimages/trunghieu/062019/18/15/in_article/0513__MG_7867P.jpg\" alt=\"tang cuong hop tac nang luong thuc day sang kien ha nguon song me cong\"></a></p><p><em>Thứ trưởng thường trực Bùi Thanh Sơn trao đổi cùng Trợ lý Ngoại trưởng Hoa Kỳ Francis Fannon. (Ảnh: Trung Hiếu)</em></p><p class=\"ql-align-justify\">Thứ trưởng thường trực Bùi Thanh Sơn cũng đánh giá cao vai trò của Hoa Kỳ trong việc thúc đẩy Sáng kiến Hạ nguồn Sông Mê Công (LMI); đề nghị Hoa Kỳ tăng cường phối hợp tại các cơ chế đa phương và khu vực, nhất là trong năm Việt Nam làm Chủ tịch ASEAN 2020.</p><p class=\"ql-align-justify\">Trợ lý Ngoại trưởng Francis Fannon đánh giá cao sự phát triển của quan hệ Việt Nam – Hoa Kỳ thời gian qua, trong đó có hợp tác về an ninh năng lượng với việc hai bên tiến hành đối thoại an ninh năng lượng thường niên (lần 2 diễn ra vào tháng 4/2019 tại Washington D.C.).</p><p class=\"ql-align-justify\">Trợ lý Ngoại trưởng Fannon khẳng định Hoa Kỳ coi trọng các cơ chế hợp tác với các nước trong khu vực, trong đó có hợp tác trong khuôn khổ LMI; nhấn mạnh cam kết Hoa Kỳ thúc đẩy hợp tác an ninh năng lượng với các nước trong khu vực, coi đây là cấu phần quan trọng trong Sáng kiến Ấn Độ Dương - Thái Bình Dương nhằm duy trì trật tự dựa trên luật lệ, thúc đẩy hòa bình, ổn định và phát triển tại khu vực quan trọng này.</p><p><a href=\"https://baoquocte.vn/stores/news_dataimages/trunghieu/062019/18/15/in_article/0727__MG_7874P.jpg\" target=\"_blank\" style=\"color: rgb(9, 44, 79);\"><img src=\"https://baoquocte.vn/stores/news_dataimages/trunghieu/062019/18/15/in_article/0727__MG_7874P.jpg\" alt=\"tang cuong hop tac nang luong thuc day sang kien ha nguon song me cong\"></a></p><p><em style=\"color: rgb(9, 44, 79);\"><span class=\"ql-cursor\">﻿</span></em><em>Toàn cảnh buổi tiếp. (Ảnh: Trung Hiếu)</em></p>',2,'2019-06-18 23:20:42',2,0,0),(65,'Ô tô tông liên hoàn trên quốc lộ 5 gây ùn tắc gần 5 km','img/news-275862077.jpg','Khoảng 14 giờ 30 ngày 18/6, tại Km36 quốc lộ 5 cũ, thuộc địa phận xã Cẩm Điền, huyện Cẩm Giàng (Hải Dương) đã xảy ra vụ tai nạn giao thông giữa xe ô tô khách mang biển kiểm soát 14B – 032.90 va chạm với xe ô tô tải lưu thông cùng chiều mang biển kiểm soát 34C – 240.54 hướng đi từ Hải Phòng - Hà Nội. ','<h2 class=\"ql-align-justify\"><strong>Khoảng 14 giờ 30 ngày 18/6, tại Km36 quốc lộ 5 cũ, thuộc địa phận xã Cẩm Điền, huyện Cẩm Giàng (Hải Dương) đã xảy ra vụ tai nạn giao thông giữa xe ô tô khách mang biển kiểm soát 14B – 032.90 va chạm với xe ô tô tải lưu thông cùng chiều mang biển kiểm soát 34C – 240.54 hướng đi từ Hải Phòng - Hà Nội.&nbsp;</strong></h2><p class=\"ql-align-center\"><strong><img src=\"https://cdnmedia.baotintuc.vn/Upload/ggrZaB6nUMyF1EMJeBk2Q/files/2019/06/tainangiaothong21.jpg\" alt=\"Chú thích ảnh\" style=\"\" width=\"704\"></strong></p><p class=\"ql-align-center\"><strong><em><span class=\"ql-cursor\">﻿</span></em></strong><em>Xe tải mất lái lao lên dải phân cách.&nbsp;</em></p><p class=\"ql-align-justify\">Sau vụ va chạm, xe ô tô tải mất lái lao lên dải phân cách giữa quốc lộ 5.</p><p class=\"ql-align-justify\">Sau khi tô tô tải và ô tô khách va chạm với nhau, lại tiếp tục va vào ô tô con mang mang biển kiểm soát 16H - 8905 đang lưu thông phía trước, làm ô tô con đâm vào sau xe tải mang biển kiểm soát 29C - 56945 đang đi phía trước.</p><p class=\"ql-align-justify\">Vụ tai nạn xảy ra khiến một bên làn đường hướng từ Hải Phòng đi Hà Nội bị ùn tắc gần 5 km.&nbsp;</p><p class=\"ql-align-justify\">Rất may, vụ tai nạn giao thông không gây thiệt hại về người. Lái xe tải và lái xe khách chỉ bị sây sát nhẹ.&nbsp;</p><p class=\"ql-align-justify\"><br></p><p class=\"ql-align-justify\">Ngay sau khi tai nạn xảy ra, lực lượng cảnh sát giao thông Công an tỉnh Hải Dương phối hợp với lực lượng cảnh sát giao thông Công an huyện Cẩm Giàng đã đến giải quyết sự cố và phân luồng giao thông.</p><p class=\"ql-align-justify\">Lực lượng cảnh sát giao thông cho biết do người dân và các phương tiện giao thông hiếu kỳ đứng hai bên đường xem, dẫn đến các phương tiện lưu thông khó khăn, gây ùn ứ kéo dài. Lực lượng cảnh sát giao thông phải rất vất vả phân luồng giao thông.</p><p class=\"ql-align-justify\">Đến 18 giờ cùng ngày, giao thông ở đây trở lại bình thường. Lực lượng chức năng đang tiến hành điều tra, làm rõ vụ việc.</p><p class=\"ql-align-right\"><strong>Tin, ảnh: Tiến Vĩnh</strong>&nbsp;<em>(TTXVN)</em></p><p><br></p>',2,'2019-06-18 23:22:32',3,0,0),(66,'Tông phải ô tô dừng thay lốp trên cao tốc, tài xế xe tải bị gãy chân','img/news-463073912.jpg',' Cú va chạm mạnh với ô tô con đang dừng thay lốp ở đường cao tốc khiến chiếc xe tải lật nghiêng, tài xế bị gãy chân.','<h2 class=\"ql-align-justify\"><strong>Cú va chạm mạnh với ô tô con đang dừng thay lốp ở đường cao tốc khiến chiếc xe tải lật nghiêng, tài xế bị gãy chân.</strong></h2><p class=\"ql-align-justify\">Tối 18/6, trả lời&nbsp;<em>VTC News,</em>&nbsp;đại diện Đội Tuần tra kiểm soát giao thông đường bộ Cao tốc số 2 (Cục CSGT- Bộ Công an) cho biết, vụ&nbsp;<a href=\"https://vtc.vn/tai-nan-tham-khoc-o-hoa-binh-chu-tich-ubnd-xa-bun-run-chan-tay-d481341.html\" target=\"_blank\" style=\"color: rgb(0, 0, 255);\">tai nạn</a>&nbsp;giao thông xảy ra vào tối qua trên cao tốc Hà Nội - Thái Nguyên, khiến tài xế xe tải bị gãy chân.</p><p><img src=\"https://image.vtcns.com/files/manhdoan/2019/06/18/dung-xe-thay-lop-tren-cao-toc-2136476.jpg\" alt=\"Tong phai o to dung thay lop tren cao toc, tai xe xe tai bi gay chan hinh anh 1\" height=\"385\" width=\"685\"><em>&nbsp;</em></p><p><em><span class=\"ql-cursor\">﻿</span>Cú tông mạnh khiến chiếc xe tải bị lật nghiêng, xe ô tô con lao lên dải phân cách. (Ảnh: N.O)</em></p><p class=\"ql-align-justify\">Theo đó, vào khoảng 18h ngày 17/8, xe tải mang BKS 99LD 008.16 đi trên cao tốc Hà Nội – Thái Nguyên hướng đi Hà Nội. Khi xe đến đoạn đường gần nút giao xã Bắc Phú (Sóc Sơn, Hà Nội) thì va chạm với chiếc xe ô tô con 5 chỗ hiệu Matiz mang BKS 34A 058.83 đang&nbsp;<a href=\"https://vtc.vn/dan-mang-phan-no-voi-gia-dinh-dung-xe-mo-tiec-tren-cao-toc-noi-bai--lao-cai-d456373.html\" target=\"_blank\" style=\"color: rgb(0, 0, 255);\">dừng xe</a>&nbsp;để thay lốp giữa đường.</p><p class=\"ql-align-justify\">Cú va chạm mạnh khiến chiếc xe tải bị lật nghiêng, tài xế bị gãy chân. Xe&nbsp;<a href=\"https://vtc.vn/oto-xe-may-37.html\" target=\"_blank\" style=\"color: rgb(0, 0, 255);\">ô tô</a>&nbsp;con bị lao lên dải phân cách, 2/5 người trên xe bị xây xát nhẹ.</p><p class=\"ql-align-justify\">Sau khi xảy ra vụ việc, cơ quan chức năng có mặt phân luồng giao thông, điều tra nguyên nhân vụ tai nạn.</p><p class=\"ql-align-justify\">Một số hình ảnh hiện trường vụ tai nạn:</p><p class=\"ql-align-center\"><br></p><p><img src=\"https://image.vtcns.com/files/manhdoan/2019/06/18/dung-xe-thay-lop-tren-cao-toc-2-2138353.jpg\" alt=\"Tong phai o to dung thay lop tren cao toc, tai xe xe tai bi gay chan hinh anh 2\" height=\"913\" width=\"685\"><em>&nbsp;</em></p><p><em>Cú va chạm mạnh khiến chiếc xe tải lật nghiêng, tài xế bị gãy chân được người dân đưa ra ngoài.</em></p><p><img src=\"https://image.vtcns.com/files/manhdoan/2019/06/18/dung-xe-thay-lop-tren-cao-toc-3-3-2141029.jpg\" alt=\"Tong phai o to dung thay lop tren cao toc, tai xe xe tai bi gay chan hinh anh 3\" height=\"913\" width=\"685\"><em>&nbsp;</em></p><p><img src=\"https://image.vtcns.com/files/manhdoan/2019/06/18/dung-xe-thay-lop-tren-cao-toc-4-4-2144151.jpg\" alt=\"Tong phai o to dung thay lop tren cao toc, tai xe xe tai bi gay chan hinh anh 4\" height=\"513\" width=\"685\"><em>&nbsp;</em></p><p><em>Phần đuôi xe bị biến dạng.</em></p><p><br></p>',2,'2019-06-18 23:24:26',3,0,0),(67,'Chở hàng quá tải còn hống hách đe dọa CSGT, tài xế ô tô bị phạt 18 triệu đồng','img/news-811499383.jpg',' Lực lượng chức năng tỉnh Thừa Thiên – Huế vừa lập biên bản xử phạt 18 triệu đồng đối với lái xe ô tô chở hàng quá tải trọng cho phép còn hống hách đe dọa CSGT.','<h2 class=\"ql-align-justify\"><strong>&nbsp;Lực lượng chức năng tỉnh Thừa Thiên – Huế vừa lập biên bản xử phạt 18 triệu đồng đối với lái xe ô tô chở hàng quá tải trọng cho phép còn hống hách đe dọa CSGT.</strong></h2><p class=\"ql-align-justify\">Ngày 18/6, Phòng CSGT Công an tỉnh Thừa Thiên –&nbsp;<a href=\"https://vtc.vn/to-csgt-o-hue-bi-to-kiem-tra-xe-bat-thuong-pho-giam-doc-cong-an-tinh-noi-gi-d458318.html\" target=\"_blank\" style=\"color: rgb(0, 0, 255);\">Huế&nbsp;</a>cho biết, đơn vị vừa lập biên bản xử lý lái xe ô tô vi phạm chở hàng quá tải trọng cho phép.</p><p class=\"ql-align-justify\">Trước đó, tại km22+700 Quốc lộ 1A tuyến tránh TP Huế, tổ công tác thuộc Phòng CSGT Công an tỉnh Thừa Thiên – Huế phát hiện xe ô tô tải BKS 51C- 66982, do tài xế Trần Văn Sơn (SN 1982, trú tại TP.HCM)&nbsp;cầm lái&nbsp;có dấu hiệu vi phạm Luật Giao thông đường bộ.</p><p><img src=\"https://image.vtcns.com/files/vanvuong/2019/06/18/dsc_3495_xmkc-21160810.jpg\" alt=\"Cho hang qua tai con hong hach de doa CSGT, tai xe o to bi phat 18 trieu dong hinh anh 1\" height=\"424\" width=\"571\" style=\"\"><em>&nbsp;</em></p><p><em><span class=\"ql-cursor\">﻿</span>Tài xế chở hàng quá tải bị phát hiện còn chống đối, đe dọa lực lượng CSGT.</em></p><p class=\"ql-align-justify\">Tổ công tác yêu cầu tài xế dừng xe và cân kiểm tra, phát hiện xe chở hàng vượt quá tải trọng. Trong quá trình lực lượng công an kiểm tra, tài xế Sơn có các hành vi hống hách, chống đối, đe dọa lực lượng chức năng.</p><p class=\"ql-align-center\"><br></p><p class=\"ql-align-justify\">Phòng&nbsp;<a href=\"https://vtc.vn/to-csgt-o-hue-bi-to-kiem-tra-xe-bat-thuong-yeu-cau-giai-trinh-d458230.html\" target=\"_blank\" style=\"color: rgb(0, 0, 255);\">CSGT</a>&nbsp;Công an tỉnh Thừa Thiên – Huế lập biên bản vi phạm lỗi chở hàng vượt quá tải trọng cho phép 32% và ra quyết định xử phạt 18 triệu đồng.</p><p><br></p>',2,'2019-06-18 23:26:08',3,0,0),(68,'Trạm thu phí Pháp Vân - Cầu Giẽ: Có tháng thu trên 70 tỷ đồng','img/news-773768810.jpg','Doanh số thu phí của tháng cao nhất tại các trạm BOT trên cao tốc Cầu Giẽ - Ninh Bình hiện nay trên 70,3 tỷ đồng, tháng thấp nhất là 60,1 tỷ đồng.','<p class=\"ql-align-justify\"><strong>Doanh số thu phí của tháng cao nhất tại các trạm BOT trên cao tốc Cầu Giẽ - Ninh Bình hiện nay trên 70,3 tỷ đồng, tháng thấp nhất là 60,1 tỷ đồng.</strong></p><p class=\"ql-align-justify\">Trong tháng 5 vừa qua, thông tin tổng doanh thu tại các trạm BOT tuyến Pháp Vân - Cầu Giẽ gồm trạm Pháp Vân, trạm Thường Tín, trạm Vạn Điểm, trạm Cầu Giẽ có doanh thu hơn 57 tỷ đồng được nhiều người quan tâm.</p><p class=\"ql-align-justify\">Liên quan đến sự việc này, báo Tiền Phong trích dẫn văn bản do ông Vũ Ngọc Oánh, Phó tổng Giám đốc công ty CP BOT Pháp Vân - Cầu Giẽ (MPC - nhà đầu tư), về nội dung công tác thu phí trong thời gian gần đây và một số điều chỉnh phương án tài chính theo tình hình thực tế.</p><p><a href=\"https://media.doisongphapluat.com/604/2019/6/18/tram-thu-phi-bot-phap-van-dspl-1.jpg\" target=\"_blank\" style=\"color: rgb(11, 96, 152);\"><img src=\"https://media.doisongphapluat.com/604/2019/6/18/tram-thu-phi-bot-phap-van-dspl-1.jpg\" alt=\"Trạm thu phí Pháp Vân - Cầu Giẽ: Có tháng thu trên 70 tỷ đồng - Ảnh 1\"></a></p><h2><strong><em>Trạm BOT Pháp Vân - Cầu Giẽ. Ảnh: Tiền Phong</em></strong></h2><p class=\"ql-align-justify\">Theo MPC, doanh số thu phí của tháng cao nhất tại các trạm BOT trên cao tốc Cầu Giẽ - Ninh Bình hiện nay trên 70,3 tỷ đồng; tháng thấp nhất là: 60,1 tỷ đồng. Trong đó: doanh số vé lượt là: 52,6 tỷ đồng; còn lại là vé tháng, quí. Tổng cộng trong 5 tháng đầu năm đạt 324 tỷ đồng, trung bình 2,1 tỷ đồng/ngày.</p><p class=\"ql-align-justify\">Đánh giá về lưu lượng phương tiện trên tuyến, ông Oánh cho biết: Do đặc thù tuyến Cao tốc Pháp Vân - Cầu Giẽ là cửa ngõ phía Nam của Thủ đô, nên các phương tiện đã lựa trọn tuyến cao tốc Pháp Vân - Cầu Giẽ là tuyến lưu thông chính thay cho tuyến quốc lộ 1A.</p><p class=\"ql-align-justify\">“Đây là cơ hội để Công ty Cổ phần BOT Pháp Vân - Cầu Giẽ tiếp tục tăng doanh số cho các năm tới”, lãnh đạo MPC nhấn mạnh.</p><p><br></p><p class=\"ql-align-justify\">Đánh giá về việc công khai, minh bạch thu phí tại các trạm thu phí, lãnh đạo MPC thông tin, việc thu phí hiện nay tại Công ty Cổ phần BOT Pháp Vân - Cầu Giẽ là công khai, minh bạch, có sự giám sát thường xuyên của các cơ quan quản lý nhà nước, ngoài ra còn có sự giám sát chéo của Tổng Công ty Đầu tư phát triển đường cao tốc Việt Nam (VEC), do hai bên đang thực hiện công tác thu phí liên thông.</p><p class=\"ql-align-justify\">Trả lời báo VTC News về vấn đề này, ông Nguyễn Văn Khôi, Chủ tịch Hội đồng quản trị kiêm Tổng giám đốc Công ty cổ phần Đầu tư và Xây dựng Giao thông Phương Thành (nhà đầu tư BOT cao tốc Pháp Vân - Cầu Giẽ) cho biết, nếu thu được nhiều thì thời gian thu sẽ rút ngắn, còn nếu thu ít thì thời gian thu sẽ kéo dài hơn.</p><p class=\"ql-align-justify\">Ông Nguyễn Văn Khôi thừa nhận, doanh thu đạt được từ trạm BOT Pháp Vân – Cầu Giẽ hiện nay vượt xa dự kiến ban đầu. Tuy nhiên, theo ông Khôi, chưa thể khẳng định doanh thu này sẽ ổn định trong vài năm tới. “Lưu lượng thay đổi, đột biến là điều hoàn toàn xảy ra do sự phát triển của các cơ sở hạ tầng khác”.</p><p class=\"ql-align-justify\">Nói về doanh thu gần 2 tỷ/ngày, ông Khôi nhấn mạnh, thực tế doanh nghiệp chỉ được hưởng mức lợi nhuận định mức là 11,5%. “Con số 57,9 tỷ đồng phải gánh cho rất nhiều các chi phí khác như việc trả lãi ngân hàng, trả tiền gốc của nhà đầu tư bỏ ra, phí bảo trì, quản lý… Không phải nhìn vào các con số rồi nói chúng tôi thu nhiều được. Mức thu đã có trong quy định và việc bao giờ hoàn vốn để trả lại đường cho Nhà nước còn phải được tính toán lại”, đại diện nhà đầu tư BOT cao tốc Pháp Vân - Cầu Giẽ khẳng định.</p><p class=\"ql-align-justify\">Trả lời về sự việc bị Tổng cục Đường bộ yêu cầu dừng thu phí từ ngày 10/6 để hoàn thành công tác sao lưu dữ liệu, ông Khôi cho rằng không nên gọi sự việc đó là “lệnh cấm, càng không phải là sự cố”.</p><p class=\"ql-align-justify\">Ông Khôi cũng khẳng định, hiện việc thu phí của BOT Pháp Vân - Cầu Giẽ là minh bạch, công khai. Tất cả quá trình thu phí đã được kiểm soát thông qua hệ thống dây chuyền thu phí có công nghệ đúng theo yêu cầu của Bộ GTVT.</p><p class=\"ql-align-justify\">Theo báo&nbsp;<a href=\"http://www.doisongphapluat.com/phap-luat/an-ninh-hinh-su/\" target=\"_blank\" style=\"color: rgb(11, 96, 152);\">An ninh</a>&nbsp;thủ đô, cao tốc Pháp Vân- Cầu Giẽ được đầu tư nâng cấp theo hình thức BOT có tổng chiều dài khoảng 29km với điểm đầu tại Km182+300 (vị trí nút giao Pháp Vân giao giữa đường Pháp Vân-Cầu Giẽ với đường Vành đai 3 của&nbsp;<a href=\"http://www.doisongphapluat.com/ha-noi.html\" target=\"_blank\" style=\"color: rgb(11, 96, 152);\">Hà Nội</a>); điểm cuối tại Km211+256 (Km211+000 của tuyến cao tốc Cầu Giẽ-Ninh Bình).</p><p class=\"ql-align-justify\">Dự án có tổng mức đầu tư là 6.731 tỷ đồng và được chia thành hai giai đoạn. Trong đó, giai đoạn 1 được khởi công từ ngày 29/9/2014 và hoàn thành vào 30/6/2015. Thời gian thu phí hoàn vốn là 17 năm 3 tháng.</p><p class=\"ql-align-right\"><strong>Nguyễn Phượng</strong>&nbsp;<em>(T/h)</em></p><p><br></p>',2,'2019-06-18 23:28:10',3,0,0),(69,'Đường giao thông hay... ao?','img/news-303548097.jpg','Từ nhiều năm nay, cứ vào những tháng mùa mưa là cả một đoạn dài thuộc đường số 2, khu phố 1, phường Tăng Bạt Hổ (quận Phú Nhuận, TP Hồ Chí Minh) lại trở thành... ao.','<h2 class=\"ql-align-justify\"><strong>Từ nhiều năm nay, cứ vào những tháng mùa mưa là cả một đoạn dài thuộc đường số 2, khu phố 1, phường Tăng Bạt Hổ (quận Phú Nhuận, TP Hồ Chí Minh) lại trở thành... ao.</strong></h2><p class=\"ql-align-justify\"><span style=\"background-color: initial;\"><img src=\"https://file.qdnd.vn/data/images/0/2019/06/18/thuthuytv/01%201.jpg?dpi=150&amp;quality=100&amp;w=575\" alt=\"Đường giao thông hay... ao?\"></span><em>&nbsp;</em></p><p class=\"ql-align-justify\">Điều đáng nói là khi trời đã tạnh ráo cả tuần nhưng nếu đi qua đoạn đường này người dân phải lội bì bõm&nbsp;(xem ảnh). Nguyên nhân dẫn tới tình trạng trên là do quá trình đô thị hóa trên địa bàn diễn ra quá nhanh, mặt đường lại xuống cấp, hệ thống cống rãnh tiêu thoát lại chưa có nên cứ mưa là đường lại ngập. Đã có không ít vụ người điều khiển xe gắn máy đi qua đoạn đường này bị té ngã.</p><p class=\"ql-align-justify\">Để bảo đảm an toàn cho người dân cũng như văn minh đô thị, rất mong chính quyền và các cơ quan chức năng sớm sửa chữa, nâng cấp tuyến đường.&nbsp;</p><p class=\"ql-align-justify\"><strong style=\"background-color: initial;\">Bài và ảnh: NGUYỄN LONG</strong></p><p><br></p>',2,'2019-06-18 23:29:13',3,0,0),(70,'Cảnh báo sóng thần ở Nhật Bản có thể lên tới 1m tại đảo Honshu','img/news-162394412.jpg','Cơ quan Khí tượng Nhật Bản đã ban bố cảnh báo sóng thần từ 0,2-1 mét dọc bờ biển Tây Bắc đảo Honshu sau khi xảy ra một trận động đất với cường độ 6,5 độ.','<p><span style=\"background-color: rgb(247, 247, 247); color: rgb(51, 51, 51);\">Cơ quan Khí tượng Nhật Bản đã ban bố cảnh báo sóng thần từ 0,2-1 mét dọc bờ biển Tây Bắc đảo Honshu sau khi xảy ra một trận động đất với cường độ 6,5 độ.</span></p><p><a href=\"https://cdnimg.vietnamplus.vn/uploaded/xpcwvovt/2019_06_18/dong_dat.jpg\" target=\"_blank\" style=\"color: rgb(152, 7, 0);\"><img src=\"https://cdnimg.vietnamplus.vn/t620/uploaded/xpcwvovt/2019_06_18/dong_dat.jpg\" alt=\"Canh bao song than o Nhat Ban co the len toi 1m tai dao Honshu hinh anh 1\"></a></p><p><span style=\"background-color: rgb(255, 255, 255); color: rgb(85, 85, 85);\">Vị trí xảy ra động đất. (Nguồn: Japan Meteorological Agency)</span></p><p>Cơ quan Thăm dò địa chất Mỹ (USGS) ngày 18/6 cho biết đã xảy ra một trận động đất với cường độ 6,5 độ ở ngoài khơi đảo Honshu, đảo chính của Nhật Bản.</p><p>Hiện chưa có thông tin về thương vong hay thiệt hại.</p><p>Theo USGS,&nbsp;<a href=\"https://www.vietnamplus.vn/tags/T%c3%a2m-ch%e1%ba%a5n.vnp\" target=\"_blank\" style=\"color: rgb(19, 63, 106);\">tâm chấn</a>&nbsp;động đất nằm cách đảo Honshu 85km.</p><p>Cơ quan Khí tượng Nhật Bản đã ban bố cảnh báo&nbsp;<a href=\"https://www.vietnamplus.vn/tags/S%c3%b3ng-th%e1%ba%a7n.vnp\" target=\"_blank\" style=\"color: rgb(19, 63, 106);\">sóng thần</a>&nbsp;từ 0,2-1 mét dọc bờ biển Tây Bắc đảo Honshu.</p><p>Cơ quan này đưa ra cường độ của trận&nbsp;<a href=\"https://www.vietnamplus.vn/tags/%c4%90%e1%bb%99ng-%c4%91%e1%ba%a5t.vnp\" target=\"_blank\" style=\"color: rgb(19, 63, 106);\">động đất</a>&nbsp;là 6,8 độ, đồng thời cho biết động đất xảy ra lúc 22 giờ 22 phút giờ địa phương (tức 20 giờ 22 phút giờ Hà Nội), với chấn tiêu ở độ sâu khoảng 10km ngoài khơi tỉnh Yamagata.</p><p>Cường độ trên tương đương cấp 6 trong thang phân độ động đất gồm 7 cấp của&nbsp;<a href=\"https://www.vietnamplus.vn/tags/Nh%e1%ba%adt-B%e1%ba%a3n.vnp\" target=\"_blank\" style=\"color: rgb(19, 63, 106);\">Nhật Bản</a>./.</p><p class=\"ql-align-right\"><strong>(TTXVN/Vietnam+)</strong></p><p><br></p>',2,'2019-06-18 23:31:53',4,0,0),(71,'Đêm 18/6, cả nước đều có mưa dông, khả năng xảy ra mưa đá','img/news-510797467.jpg','Theo Trung tâm Dự báo Khí tượng Thuỷ văn quốc gia, đêm 18/6, các khu vực trong cả nước đều có mưa và dông, đề phòng khả năng xảy ra lốc, sét và gió giật mạnh.','<p>Theo Trung tâm Dự báo Khí tượng Thuỷ văn quốc gia, đêm 18/6, các khu vực trong cả nước đều có mưa và dông, đề phòng khả năng xảy ra lốc, sét và gió giật mạnh.</p><p><a href=\"https://cdnimg.vietnamplus.vn/uploaded/izhsa/2019_06_18/trungbocomuatovadongbacbosangvademtroilanh1b2a6d.jpg\" target=\"_blank\" style=\"color: rgb(152, 7, 0);\"><img src=\"https://cdnimg.vietnamplus.vn/t620/uploaded/izhsa/2019_06_18/trungbocomuatovadongbacbosangvademtroilanh1b2a6d.jpg\" alt=\"Dem 18/6, ca nuoc deu co mua dong, kha nang xay ra mua da hinh anh 1\"></a></p><p><span style=\"background-color: rgb(255, 255, 255); color: rgb(85, 85, 85);\">(Nguồn: TTXVN)</span></p><p>Theo Trung tâm Dự báo Khí tượng Thuỷ văn quốc gia, đêm 18/6, các khu vực trong cả nước đều có mưa và dông, đề phòng khả năng xảy ra lốc, sét và gió giật mạnh.</p><p>Diễn biến thời tiết chiều tối và đêm 18/6: Phía Tây&nbsp;<a href=\"https://www.vietnamplus.vn/tags/B%e1%ba%afc-B%e1%bb%99.vnp\" target=\"_blank\" style=\"color: rgb(19, 63, 106);\">Bắc Bộ</a>&nbsp;nhiều mây, đêm có mưa vừa, mưa to, có nơi mưa rất to và rải rác có dông; sau có mưa rào và dông vài nơi, gió nhẹ. Trong cơn dông có khả năng xảy ra lốc, sét và gió giật mạnh. Độ ẩm từ 60-98%. Nhiệt độ thấp nhất từ 24-27 độ C.</p><p>Phía Đông Bắc Bộ nhiều mây, đêm có mưa, mưa rào và rải rác có dông, riêng vùng núi và trung du có mưa vừa, mưa to, có nơi mưa rất to; gió Đông Nam cấp 2-3. Trong cơn dông có khả năng xảy ra lốc, sét,&nbsp;<a href=\"https://www.vietnamplus.vn/tags/M%c6%b0a-%c4%91%c3%a1.vnp\" target=\"_blank\" style=\"color: rgb(19, 63, 106);\">mưa đá</a>&nbsp;và gió giật mạnh, độ ẩm từ 62-98%. Nhiệt độ thấp nhất từ 25-28 độ C.</p><p>Thủ đô Hà Nội nhiều mây, đêm có mưa, mưa rào và có nơi có dông, gió Đông Nam cấp 2-3. Trong cơn dông có khả năng xảy ra lốc, sét, mưa đá và gió giật mạnh, độ ẩm từ 65-98%. Nhiệt độ thấp nhất từ 26-29 độ C.</p><p>Các tỉnh từ Thanh Hóa đến Thừa Thiên-Huế có mây, đêm có mưa rào và dông vài nơi, gió Tây Nam cấp 2-3. Trong cơn dông có khả năng xảy ra lốc, sét và gió giật mạnh, độ ẩm từ 45-94%. Nhiệt độ thấp nhất từ 27-30 độ C.</p><p>Các tỉnh, thành phố Đà Nẵng đến Bình Thuận có mây, chiều tối và đêm có mưa rào và dông vài nơi, gió Tây Nam cấp 2-3. Trong cơn dông có khả năng xảy ra lốc, sét và gió giật mạnh, độ ẩm từ 50-92%. Nhiệt độ thấp nhất từ 26-29 độ C.</p><p>Khu vực Tây Nguyên đêm có mưa rào và rải rác có dông, gió Tây Nam cấp 2-3. Trong cơn dông có khả năng xảy ra lốc, sét và gió giật mạnh, độ ẩm từ 68-98%. Nhiệt độ thấp nhất từ 21-24 độ C.</p><p>Khu vực Nam Bộ có mưa, mưa rào và rải rác có dông, gió Tây Nam cấp 2-3. Trong cơn dông có khả năng xảy ra lốc, sét và gió giật mạnh, độ ẩm từ 65-98%. Nhiệt độ thấp nhất từ 24-27 độ C./.</p><p class=\"ql-align-right\"><strong>Thắng Trung (TTXVN/Vietnam+)</strong></p><p><br></p>',2,'2019-06-18 23:32:52',4,0,0),(72,'Nhật Bản: Động đất mạnh, có nguy cơ sóng thần','img/news-815780158.jpg','Chính quyền vừa mới đưa ra cảnh báo sóng thần khẩn cấp sau trận động đất lên đến 6,8 độ Richter dưới lòng biển ngoài khơi phía Tây Bắc nước này. ','<p><a href=\"https://image.plo.vn/w653/Uploaded/2019/fwy/2019_06_18/japan-earthquake-1027502498_jfnu.jpg\" target=\"_blank\" style=\"color: red; background-color: initial;\"><img src=\"https://image.plo.vn/w653/Uploaded/2019/fwy/2019_06_18/japan-earthquake-1027502498_jfnu.jpg\" alt=\"Nhật Bản: Động đất mạnh, có nguy cơ sóng thần\"></a></p><p class=\"ql-align-justify\"><strong>(PLO)- Chính quyền vừa mới đưa ra cảnh báo sóng thần khẩn cấp sau trận động đất lên đến 6,8 độ Richter dưới lòng biển ngoài khơi phía Tây Bắc nước này.&nbsp;</strong></p><p><br></p><p class=\"ql-align-justify\">Hãng tin&nbsp;<em style=\"background-color: initial;\">AP&nbsp;</em>hôm 18-6 đưa tin,&nbsp;khu vực đảo&nbsp;Honshu của Nhật Bản đã xảy ra địa chấn cấp 6.8 độ vào khoảng 22h (giờ địa phương).</p><p class=\"ql-align-justify\">Các tín hiệu địa chấn được ghi nhận cách 52 dặm ngoài khơi phía Đông Bắc đảo.&nbsp;</p><p class=\"ql-align-justify\">Cơ quan&nbsp;<a href=\"https://plo.vn/tags/a2jDrSB0xrDhu6NuZw==/khi-tuong.html\" target=\"_blank\" style=\"color: rgb(0, 0, 0);\">Khí tượng</a>&nbsp;Nhật Bản đã đưa ra cảnh báo về nguy cơ có&nbsp;<a href=\"https://plo.vn/tags/c8OzbmcgdGjhuqdu/song-than.html\" target=\"_blank\" style=\"color: rgb(0, 0, 0);\">sóng thần</a>&nbsp;cao tới một mét dọc theo bờ biển nước này.&nbsp;</p><p class=\"ql-align-justify\"><br></p><p class=\"ql-align-justify\">Được biết, do tâm chấn của cơn động đất quá gần đảo đã làm các chuyên gia khí tượng lo ngại về những hậu quả mà thảm hoạ này sẽ gây ra.</p><p class=\"ql-align-justify\">Bản đồ dưới đây của đảo Honshu cho thấy cường độ của các đợt rung chuyển tại các địa điểm khác nhau.</p><p class=\"ql-align-center\"><a href=\"https://image.plo.vn/w800/Uploaded/2019/fwy/2019_06_18/1d9wp9zjwkaebzqy1_xxuw.jpg\" target=\"_blank\" style=\"color: rgb(0, 0, 0); background-color: initial;\"><img src=\"https://image.plo.vn/w800/Uploaded/2019/fwy/2019_06_18/1d9wp9zjwkaebzqy1_xxuw.jpg\" alt=\"Nhật Bản: Động đất mạnh, có nguy cơ sóng thần - ảnh 1\"></a></p><p class=\"ql-align-center\"><em style=\"background-color: initial;\">Bản đồ do&nbsp;Cơ quan Khí tượng Nhật Bản cung cấp. Ảnh: MIRROR UK</em></p><p class=\"ql-align-justify\">Theo&nbsp;<em style=\"background-color: initial;\">AP</em>, những cơn&nbsp;<a href=\"https://plo.vn/tags/xJHhu5luZyDEkeG6pXQ=/dong-dat.html\" target=\"_blank\" style=\"color: rgb(0, 0, 0);\">động đất</a>&nbsp;hiện tại đo đạc được ở một số khu vực trên đảo có khả năng sẽ&nbsp;<a href=\"https://plo.vn/tags/cGjDoSBodeG7tw==/pha-huy.html\" target=\"_blank\" style=\"color: rgb(0, 0, 0);\">phá huỷ</a>&nbsp;nhiều căn nhà không được xây dựng kiên cố.</p><p class=\"ql-align-justify\">Được biết, lần cuối cùng một cơn động đất với quy mô tương tự xảy ra ở Nhật Bản là vào năm 2018 ở thành phố&nbsp;Tomakomai, tình Hokkaido gây ra nhiều thương vong và thiệt hại.&nbsp;</p><p class=\"ql-align-right\"><strong style=\"background-color: initial;\">VĨ CƯỜNG</strong>&nbsp;</p><p class=\"ql-align-right\">Nguồn: AP</p><p><br></p>',2,'2019-06-18 23:34:03',4,0,0),(73,'Nhật Bản cảnh báo sóng thần, dừng hoạt động tàu cao tốc sau động đất','img/news-419564933.jpg','Cơ quan Khí tượng Nhật Bản đã ban bố cảnh báo sóng thần, có thể lên tới 1m ở khu vực bờ biển Tây Bắc đảo Honshu sau trận động đất mạnh 6,8 độ','<p><strong>Cơ quan Khí tượng Nhật Bản đã ban bố cảnh báo sóng thần, có thể lên tới 1m ở khu vực bờ biển Tây Bắc đảo Honshu sau trận động đất mạnh 6,8 độ.</strong></p><p>Sau trận động đất mạnh 6,8 độ ở ngoài khơi bờ biển tỉnh Yamagata và Niigata ở Tây Bắc Nhật Bản, các nhà chức trách nước này đã quyết định ngừng hoạt động của các dịch vụ tàu cao tốc trong khu vực, như một biện pháp cẩn trọng.</p><p>Trong khi đó, khoảng 200 hộ gia đình đã phải sinh hoạt trong cảnh mất điện.&nbsp;</p><p>Trước đó, Cơ quan Khí tượng Nhật Bản đã ban bố cảnh báo sóng thần, có thể lên tới 1m ở khu vực bờ biển Tây Bắc đảo Honshu, hòn đảo chính của nước này. Trận động đất này mạnh cấp 6 trong thang chia độ động đất gồm 7 cấp của Nhật Bản.</p><p>Đài NHK của Nhật Bản cho biết không phát hiện bất thường nào tại các nhà máy điện hạt nhân gần tâm chấn.&nbsp;</p><p>Nhật Bản nằm trên \"Vành đai lửa\" Thái Bình Dương, nơi thường xảy ra trận động đất và núi lửa.&nbsp;Tháng 6/2018, một trận động đất đã làm rung chuyển vùng Osaka làm 5 người thiệt mạng và 350 người bị thương.</p><p>Tháng 11/2011, một trận động đất mạnh 9 độ kéo theo sóng thần đã làm hàng nghìn người thiệt mạng và gây thiệt hại trên diện rộng, trong đó có sự cố hạt nhân tại Fukushima./.</p><p><br></p><p><strong>Bích Liên/TTXVN</strong></p><p><br></p>',2,'2019-06-18 23:35:29',4,0,0),(74,'Miền Bắc mưa giải nhiệt, miền Trung tiếp tục nắng nóng','img/news-766774560.jpg','Những cơn mưa rào hôm nay và ngày mai sẽ chấm dứt đợt nắng nóng kéo dài từ ngày 9/6 ở Hà Nội và nhiều tỉnh miền Bắc.','<p class=\"ql-align-justify\"><strong>Những cơn mưa rào hôm nay và ngày mai sẽ chấm dứt đợt nắng nóng kéo dài từ ngày 9/6 ở Hà Nội và nhiều tỉnh miền Bắc.</strong></p><iframe class=\"ql-video ql-align-justify\" frameborder=\"0\" allowfullscreen=\"true\" src=\"https://vtc.vn/watch/85528\" height=\"450\" width=\"100%\"></iframe><p class=\"ql-align-justify\"><br></p><p><br></p>',2,'2019-06-18 23:36:47',4,0,0),(75,'“Dấu Ấn\" thể hiện sự đam mê và sáng tạo không ngừng','img/news-855906303.jpg',' Chiều 17/6, nhân dịp kỷ niệm 94 năm Ngày Báo chí Cách mạng Việt Nam (21/6), Hội Nhà báo Hà Nội và Câu lạc bộ Phóng viên ảnh báo chí Hà Nội đã tổ chức khai mạc Triển lãm ảnh \"Dấu ấn\" lần thứ 2 tại Trung tâm Triển lãm mỹ thuật, nhiếp ảnh (29 Hàng Bài, Hà Nội).','<h2 class=\"ql-align-justify\">Chiều 17/6, nhân dịp kỷ niệm 94 năm Ngày Báo chí Cách mạng Việt Nam (21/6), Hội Nhà báo Hà Nội và Câu lạc bộ Phóng viên ảnh báo chí Hà Nội đã tổ chức khai mạc Triển lãm ảnh \"Dấu ấn\" lần thứ 2 tại Trung tâm Triển lãm mỹ thuật, nhiếp ảnh (29 Hàng Bài, Hà Nội).</h2><p class=\"ql-align-justify\">Với hơn 100 bức ảnh, triển lãm không chỉ là những dấu ấn riêng biệt của từng tác giả, từng phóng viên ảnh mà còn cho thấy dấu ấn của một tập thể câu lạc bộ phóng viên ảnh Hà Nội, nơi sinh hoạt nghiệp vụ của hầu hết các phóng viên ảnh của các báo trong nước và quốc tế làm việc tại Hà Nội.</p><h2><img src=\"https://media.ex-cdn.com/EXP/media.congluan.vn/files/content/2019/06/17/43_pvlg-2025.jpg\" alt=\"Bức ảnh Đón chủ tịch nước Kim Jong Un đến dự hội nghị Thượng đỉnh tại ga Đồng Đăng - Lạng Sơn (Tác giả: Giang Huy) trưng bày tại triển lãm.\" height=\"452\" width=\"734\" style=\"\"></h2><p><em>Bức ảnh Đón chủ tịch nước Kim Jong Un đến dự hội nghị Thượng đỉnh tại ga Đồng Đăng - Lạng Sơn (Tác giả: Giang Huy) trưng bày tại triển lãm.</em></p><p class=\"ql-align-justify\">Dấu ấn”&nbsp;là dịp để công chúng nhìn lại những sự kiện thời sự lớn diễn ra trên đất nước trong 2 năm qua, thuộc nhiều lĩnh vực khác nhau: chính trị, quân sự, ngoại giao, kinh tế, văn hóa, giáo dục…Cụ thể, đó là những hình ảnh về Hội nghị thượng đỉnh lần thứ 2 Hoa Kỳ - Triều Tiên tại Hà Nội (2019), Diễn đàn Hợp tác Kinh tế châu Á - Thái Bình Dương tại Đà Nẵng (APEC 2017), Lễ tuyên thệ nhậm chức của Tổng Bí thư Nguyễn Phú Trọng, Chủ tịch nước Cộng hòa xã hội chủ nghĩa Việt Nam nhiệm kỳ 2016-2021.</p><p class=\"ql-align-justify\">Ngoài ra,&nbsp;“Dấu ấn”&nbsp;còn bao gồm những hình ảnh ấn tượng về hành trình làm nên kỳ tích của bóng đá Việt Nam trên các đấu trường, những khoảnh khắc tại phòng xử&nbsp;đại án, những khuôn hình ám ảnh về căn phòng trọ chật chội của người lao động nghèo hay khung cảnh tang thương sau những đợt thiên tai…</p><h2><img src=\"https://media.ex-cdn.com/EXP/media.congluan.vn/files/content/2019/06/17/20_lbjk-2036.jpg\" alt=\"Bức ảnh \" style=\"\" width=\"725\"></h2><p><em>Bức ảnh \"Sau trận mưa lũ lớn toàn miền bắc (T7/2018), xã Nam Phương Tiến, huyện Chương Mỹ (TP Hà Nội) bị ngập sâu, nhiều hộ dân bị cô lập trong biển nước\" (Tác giả: Tất Sơn).</em></p><p class=\"ql-align-justify\">Dấu ấn mang đến cho người xem cái nhìn tổng thể, đa chiều về những vấn đề, sự kiện nổi bật trong đời sống xã hội Việt Nam thời gian qua. Tất cả đều được thể hiện qua góc nhìn tinh nhạy của các phóng viên ảnh đang công tác tại các cơ quan báo chí ở khu vực phía Bắc. Đó không chỉ là những dấu ấn riêng biệt của từng tác giả mà còn là&nbsp;dấu ấn&nbsp;của một tập thể Câu lạc bộ phóng viên ảnh Hà Nội - luôn nhiệt thành, đam mê và sáng tạo không ngừng.</p><p class=\"ql-align-justify\">Đây là lần thứ hai được tổ chức tại Hà Nội, triển lãm trưng bày những tác phẩm ảnh đã thu hút được sự quan tâm của công chúng trên các ấn phẩm báo chí trong và ngoài nước trong khoảng 2 năm vừa qua. Đây cũng là một cơ hội tốt để người xem có thể đóng góp ý kiến của mình đối với các bức ảnh nhằm giúp các phóng viên ảnh hoàn thiện mình hơn và phục vụ tốt hơn cho công chúng.&nbsp;</p><p class=\"ql-align-justify\">Triển lãm mở cửa tự do cho khách tham quan từ ngày 17-22/6</p><p><br></p>',2,'2019-06-19 00:23:41',7,0,0),(76,'Mẫu thức ăn có sán của công nhân Đà Nẵng không còn để kiểm tra','img/news-980617042.jpg','Lãnh đạo công ty cung cấp thực phẩm cho biết mẫu cá cam công nhân phát hiện có sán chỉ lưu được trong 24 giờ nên hiện không còn mẫu cho đoàn kiểm tra.','<p><strong>Lãnh đạo công ty cung cấp thực phẩm cho biết mẫu cá cam công nhân phát hiện có sán chỉ lưu được trong 24 giờ nên hiện không còn mẫu cho đoàn kiểm tra.</strong></p><p>Ngày 18/6, Ban quản lý An toàn thực phẩm TP&nbsp;<a href=\"https://news.zing.vn/tieu-diem/da-nang.html\" target=\"_blank\" style=\"color: rgb(51, 51, 51);\">Đà Nẵng</a>&nbsp;có buổi làm việc với Công ty TNHH An Thạnh (phường Hòa Khánh Bắc, quận Liên Chiểu) liên quan đến vụ phát hiện sán trong tô bún cá cam.</p><p>Đại diện Công ty An Thạnh cho biết ngày 13/6, công ty cung cấp món bún cá cam cho Công ty TNHH Điện tử Việt Hoa (KCN Hòa Khánh). Quá trình chia suất có 3 công nhân phản ánh trong lát cá có sán.</p><p><span style=\"background-color: transparent;\"><img src=\"https://znews-photo.zadn.vn/w660/Uploaded/neg_glyrtla/2019_06_18/ca.jpg\" alt=\"Mau thuc an co san cua cong nhan Da Nang khong con de kiem tra hinh anh 1 \" height=\"504\" width=\"720\" style=\"\"></span></p><p><span style=\"background-color: transparent;\"><span class=\"ql-cursor\">﻿</span></span>Sán xuất hiện trong lát cá cam ngày 13/6. Ảnh:<em style=\"background-color: transparent;\">&nbsp;A.Q.</em></p><p>“Thức ăn được sơ chế, nấu chín tại công ty sau đó đưa sang Công ty Việt Hoa. Qua kiểm tra 900 suất ăn chúng tôi phát hiện khoảng 10 suất có sán trong phần thịt cá. Ngay sau đó, công ty đã tạm ngưng phục vụ món bún cá cam và chuyển sang món khác”, đại diện Công ty An Thạnh cho biết.</p><p>Khi đoàn kiểm tra hỏi về việc lưu mẫu thức ăn phát hiện sán, ông Châu Quang Anh, Giám đốc Công ty An Thạnh cho biết thức ăn trên chỉ lưu được trong 24 giờ nên không còn. Riêng lô cá cam đơn vị này nhập từ một công ty tại Hải Phòng lấy nguồn cá ở Hàn Quốc đã ăn hết.</p><p><span style=\"background-color: transparent;\"><img src=\"https://znews-photo.zadn.vn/w660/Uploaded/neg_glyrtla/2019_06_18/ca_cam.jpg\" alt=\"Mau thuc an co san cua cong nhan Da Nang khong con de kiem tra hinh anh 2 \" height=\"1222\" width=\"722\" style=\"\"></span></p><p>Ông Châu Quang Anh, Giám đốc Công ty An Thạnh cho biết mẫu cá cam chỉ lưu được trong 24 giờ nên không còn. Ảnh:<em style=\"background-color: transparent;\">&nbsp;G.H.</em></p><p>\"Thời điểm phát hiện vụ việc là 10h30 ngày 13/6. Trong khi tổ kiểm tra đến công ty làm việc và yêu cầu có mẫu thì đã quá thời hạn nên công ty không thể đáp ứng được\", ông Anh nói.</p><p>Ông Nguyễn Tứ, Phó ban quản lý An toàn thực phẩm TP Đà Nẵng cho biết theo nguyên tắc, việc để sán tồn tại trong cá cam để chế biến suất ăn là không đúng. Trong trường hợp này Công ty An Thạnh phải lưu mẫu ở nhiệt độ âm để đưa đi kiểm tra ký sinh trùng.</p><p>“Mẫu cá nghi ngờ nhiễm ký sinh trùng đã nấu chín, tôi nghĩ nếu có cũng không ảnh hưởng đến sức khỏe. Bởi tất cả thức ăn nấu chín thì ký sinh trùng đã bị tiêu diệt. Tuy nhiên về mặt quản lý an toàn thực phẩm không được phép tồn tại”, ông Tứ nói.</p><p>Như&nbsp;<em style=\"background-color: transparent;\">Zing.vn&nbsp;</em>đưa tin, ngày 15/6, mạng xã hội xuất hiện thông tin công nhân làm việc tại Công ty TNHH Điện tử Việt Hoa có trụ sở tại KCN Hòa Khánh (quận Liên Chiểu) phát hiện sán trong tô bún cá cam khi đang ăn. Thực phẩm này do Công ty TNHH An Thạnh cung cấp.</p><p>Theo báo cáo của Công ty An Thạnh, vụ việc xảy ra vào bữa ăn ca 1 ngày 13/6. Qua kiểm tra 900 suất bún cá cam, công ty này phát hiện khoảng 10 lát cá có sán.</p><p><span style=\"background-color: transparent;\"><img src=\"https://znews-photo.zadn.vn/w660/Uploaded/neg_glyrtla/2019_06_18/map_danang_bunca.JPG\" alt=\"Mau thuc an co san cua cong nhan Da Nang khong con de kiem tra hinh anh 3 \" height=\"720\" width=\"726\" style=\"\"></span></p><p>Công ty Việt Hoa (chấm đỏ). Ảnh:<em style=\"background-color: transparent;\">&nbsp;Google Maps.</em></p><p><br></p>',2,'2019-06-19 00:25:54',7,0,0),(77,'Không phải Nha Trang, suối Ba Hồ mới là điểm hút giới trẻ ở Khánh Hoà','img/news-224567433.jpg','Mang vẻ đẹp thiên nhiên hùng vĩ, thơ mộng, suối Ba Hồ (Khánh Hoà) đang là điểm đến được giới trẻ săn lùng mùa hè này.','<p class=\"ql-align-center\"><strong>Mang vẻ đẹp thiên nhiên hùng vĩ, thơ mộng, suối Ba Hồ (Khánh Hoà) đang là điểm đến được giới trẻ săn lùng mùa hè này.</strong></p><p><span style=\"background-color: transparent;\"><img src=\"https://znews-photo.zadn.vn/w480/Uploaded/neg_esfjeee/2019_06_18/51074266_650355332033894_6735151908107995486_n.jpg\" alt=\"Khong phai Nha Trang, suoi Ba Ho moi la diem hut gioi tre o Khanh Hoa hinh anh 1 \" height=\"1350\" width=\"737\" style=\"\"></span></p><p><span style=\"background-color: transparent;\"><img src=\"https://znews-photo.zadn.vn/w480/Uploaded/neg_esfjeee/2019_06_18/51477415_134029714307268_1646667435238396801_n.jpg\" alt=\"Khong phai Nha Trang, suoi Ba Ho moi la diem hut gioi tre o Khanh Hoa hinh anh 2 \" height=\"1349\" width=\"737\" style=\"\"></span></p><p>Cách thành phố Nha Trang khoảng 25 km, suối Ba Hồ mang vẻ đẹp hùng vĩ với các gành đá cheo leo, mạo hiểm. Nơi đây, là điểm đến được nhiều tín đồ lựa chọn để chinh phục thiên nhiên. Ảnh:&nbsp;<em style=\"background-color: transparent;\">C_ph2211, carolinebuts.&nbsp;</em>&nbsp;<em style=\"background-color: transparent;\">&nbsp;</em><span style=\"background-color: transparent;\"><img src=\"https://znews-photo.zadn.vn/w660/Uploaded/neg_esfjeee/2019_06_18/_tranan__.jpg\" alt=\"Khong phai Nha Trang, suoi Ba Ho moi la diem hut gioi tre o Khanh Hoa hinh anh 3 \" height=\"1080\" width=\"738\" style=\"\"></span></p><p><span style=\"background-color: transparent;\"><img src=\"https://znews-photo.zadn.vn/w480/Uploaded/neg_esfjeee/2019_06_18/50117167_2259403011048678_2159777986287175419_n.jpg\" alt=\"Khong phai Nha Trang, suoi Ba Ho moi la diem hut gioi tre o Khanh Hoa hinh anh 4 \" height=\"1350\" width=\"738\" style=\"\"></span></p><p>Bắt nguồn từ đỉnh Hòn Sơn, suối Ba Hồ cao 660 m, dài hơn 10 km, có dòng chảy xuyên qua hệ sinh thái rừng nguyên sinh. Các tầng thác nhỏ đan xen đổ xuống, hình thành một quần thể gồm 3 hồ liên tiếp với độ cao khác nhau. Người ta còn gọi nơi đây bằng cái tên thác Ba Hồ. Ảnh:<em style=\"background-color: transparent;\">&nbsp;_tr.anan_, _mrr__k_.&nbsp;</em>&nbsp;</p><p><span style=\"background-color: transparent;\"><img src=\"https://znews-photo.zadn.vn/w480/Uploaded/neg_esfjeee/2019_06_18/49326671_251877042418445_9218172725567019844_n.jpg\" alt=\"Khong phai Nha Trang, suoi Ba Ho moi la diem hut gioi tre o Khanh Hoa hinh anh 5 \" height=\"1200\" width=\"737\" style=\"\"></span></p><p><span style=\"background-color: transparent;\"><img src=\"https://znews-photo.zadn.vn/w480/Uploaded/neg_esfjeee/2019_06_18/52144379_619872795138271_148664943361931318_n.jpg\" alt=\"Khong phai Nha Trang, suoi Ba Ho moi la diem hut gioi tre o Khanh Hoa hinh anh 6 \" height=\"1350\" width=\"737\" style=\"\"></span></p><p>Các bạn có thể đi đến Ba Hồ bằng taxi hoặc thuê xe máy. Tuy nhiên, dù lựa chọn bằng phương tiện gì, du khách cũng phải đi bộ băng qua cánh rừng già tầm 1 km để đến được nơi này. Ảnh:&nbsp;<em style=\"background-color: transparent;\">Carolinebuts, egor_selishchev.&nbsp;</em>&nbsp;<em style=\"background-color: transparent;\">&nbsp;</em>&nbsp;<em style=\"background-color: transparent;\">&nbsp;</em><span style=\"background-color: transparent;\"><img src=\"https://znews-photo.zadn.vn/w660/Uploaded/neg_esfjeee/2019_06_18/30602960_1986714628310650_9084146183714111488_n.jpg\" alt=\"Khong phai Nha Trang, suoi Ba Ho moi la diem hut gioi tre o Khanh Hoa hinh anh 7 \" height=\"1080\" width=\"738\" style=\"\"></span></p><p><span style=\"background-color: transparent;\"><img src=\"https://znews-photo.zadn.vn/w480/Uploaded/neg_esfjeee/2019_06_18/34326799_237213427045552_9056297139025477632_n.jpg\" alt=\"Khong phai Nha Trang, suoi Ba Ho moi la diem hut gioi tre o Khanh Hoa hinh anh 8 \" height=\"1350\" width=\"738\" style=\"\"></span></p><p>Đến đây vào mùa mưa, bạn sẽ có cơ hội được ngắm nhìn những thác nước đổ xuống hồ, tung bọt trắng xoá tuyệt đẹp.&nbsp;Ngoài tham quan, thư giãn bạn còn được thả mình vào làn nước trong xanh, mát rượi. Vào mùa hè nắng nóng, được ngâm mình trong làn suối mát sẽ giúp tinh thần bạn trở nên thanh lọc và sảng khoái hơn. Ảnh:&nbsp;<em style=\"background-color: transparent;\">Lyeenaa, skorodelov.&nbsp;</em>&nbsp;<em style=\"background-color: transparent;\">&nbsp;</em>&nbsp;<em style=\"background-color: transparent;\">&nbsp;</em><span style=\"background-color: transparent;\"><img src=\"https://znews-photo.zadn.vn/w480/Uploaded/neg_esfjeee/2019_06_18/26868380_194860714430571_6771237485147062272_n.jpg\" alt=\"Khong phai Nha Trang, suoi Ba Ho moi la diem hut gioi tre o Khanh Hoa hinh anh 9 \" height=\"1350\" width=\"736\" style=\"\"></span></p><p><span style=\"background-color: transparent;\"><img src=\"https://znews-photo.zadn.vn/w660/Uploaded/neg_esfjeee/2019_06_18/nguyenthaiiiii_.jpg\" alt=\"Khong phai Nha Trang, suoi Ba Ho moi la diem hut gioi tre o Khanh Hoa hinh anh 10 \" height=\"1080\" width=\"737\" style=\"\"></span></p><p>Nếu bạn là người mê trò chơi cảm giác mạnh cliff jumping, nơi đây sẽ là lựa chọn hợp lý. Từ trên những mỏm đá, vách đá cheo leo, bạn nhún người rồi nhảy mạnh xuống nước. Cảm giác vô cùng thích thú và tuyệt vời. Đây cũng là lý do khiến nhiều dân du lịch bụi khi đến Nha Trang đều không thể bỏ qua suối Ba Hồ. Ảnh:&nbsp;<em style=\"background-color: transparent;\">Marlabern, nguyenthaiiiii.</em>&nbsp;<em style=\"background-color: transparent;\">&nbsp;</em><span style=\"background-color: transparent;\"><img src=\"https://znews-photo.zadn.vn/w480/Uploaded/neg_esfjeee/2019_06_18/53060486_128500161546315_2090619229925447120_n.jpg\" alt=\"Khong phai Nha Trang, suoi Ba Ho moi la diem hut gioi tre o Khanh Hoa hinh anh 11 \" height=\"1349\" width=\"739\" style=\"\"></span></p><p><span style=\"background-color: transparent;\"><img src=\"https://znews-photo.zadn.vn/w480/Uploaded/neg_esfjeee/2019_06_18/bichhaunbh.jpg\" alt=\"Khong phai Nha Trang, suoi Ba Ho moi la diem hut gioi tre o Khanh Hoa hinh anh 12 \" height=\"1347\" width=\"738\" style=\"\"></span></p><p>Không quá khó để tìm một góc sống ảo tại suối Ba Hồ. Ở đây, ngoài vẻ đẹp tự nhiên, người dân cũng khai thác du lịch bằng cách mở rộng các dịch vụ, điểm check-in mới lạ cho du khách như xích đu, vòng hoa... Ảnh:&nbsp;<em style=\"background-color: transparent;\">Tranngoclankhue,&nbsp;bichhau.nbh.</em></p><p><em style=\"background-color: transparent;\">&nbsp;</em>&nbsp;<em style=\"background-color: transparent;\">&nbsp;</em><span style=\"background-color: transparent;\"><img src=\"https://znews-photo.zadn.vn/w660/Uploaded/neg_esfjeee/2019_06_18/klepikovaalenka_.jpg\" alt=\"Khong phai Nha Trang, suoi Ba Ho moi la diem hut gioi tre o Khanh Hoa hinh anh 13 \" height=\"690\" width=\"730\" style=\"\"></span></p><p><span style=\"background-color: transparent;\"><img src=\"https://znews-photo.zadn.vn/w480/Uploaded/neg_esfjeee/2019_06_18/svetlaya1384.jpg\" alt=\"Khong phai Nha Trang, suoi Ba Ho moi la diem hut gioi tre o Khanh Hoa hinh anh 14 \" height=\"1349\" width=\"745\" style=\"\"></span></p><p>Đường đi đến Ba Hồ khá khó khăn, đất đá lởm chởm, nhiều ổ gà, vào mùa mưa trơn trợt khó đi, bạn nên cân nhắc trong việc chọn phương tiện. Ngoài ra, bạn cần mang theo thức ăn nhanh, nước uống, đặc biệt là tuân thủ theo nội quy ở đây. Ảnh:&nbsp;<em style=\"background-color: transparent;\">Klepikova.alenka,&nbsp;svetlaya1384.</em>&nbsp;<em style=\"background-color: transparent;\">&nbsp;</em></p><p><br></p>',2,'2019-06-19 00:31:16',10,0,0),(78,'Bỏ công việc \"hái ra tiền\", kiến trúc sư đi… nuôi ruồi kiếm thu nhập trăm triệu mỗi tháng','img/news-967997251.jpg','Đang có công việc tốt, cả Cảnh và ông Tuấn quyết định bỏ ngang công việc đang làm để khởi nghiệp với mô hình nuôi ruồi lính đen.','<p><strong>Đang có công việc tốt, cả Cảnh và ông Tuấn quyết định bỏ ngang công việc đang làm để khởi nghiệp với mô hình nuôi ruồi lính đen.</strong></p><p><strong>Thoát án tử ung thư, nhà thầu xây dựng bỏ phố về quê nuôi ruồi</strong></p><p>14 năm trước, khi được “tử thần” buông tay sau khi mắc bệnh ung thư đại tràng, ông Viên Châu Tuấn (63 tuổi, Củ Chi, TPHCM), quyết định bỏ công việc đang “hái ra tiền” để mày mò phát triển theo mô hình nông nghiệp hữu cơ.</p><p>“Tôi từng là nhà thầy xây dựng, nhưng khi bản thân bị ung thư và chứng kiến cảnh đau đớn của những người mắc bệnh này mới thấm thía hết được nỗi đau. Người ta nói \"bệnh vào đường miệng\", tôi tìm đến nông nghiệp hữu cơ vì muốn tránh xa hóa chất”, ông Tuấn nói.</p><p class=\"ql-align-justify\">Sau khi thử nuôi nhiều loại từ tắc kè, rắn, mối… ông Tuấn nuôi thử ruồi lính đen, thấy việc nuôi khá đơn giản, hiệu quả kinh tế lại cao ông đã đầu tư một mô hình lớn để phát triển.</p><p class=\"ql-align-justify\"><br></p><iframe class=\"ql-video\" frameborder=\"0\" allowfullscreen=\"true\" src=\"https://www.youtube.com/embed/wko8Reky8ic?showinfo=0\"></iframe><p><strong style=\"color: rgb(0, 0, 0);\">“Nhộng của ruồi lính đen có thể xử lý chất thải rất tốt, các loại rác hữu cơ, khi đi qua đường ruột thì 90-95% vi trùng độc hại đã được xử lý hết”, ông Tuấn thông tin và cho rằng, loại côn trùng này có sẵn enzym quý nên không phải sử dụng kháng sinh, chất kích thích tăng trưởng trong quá trình phát triển.</strong></p><p><strong><img src=\"https://cdn.thesaigontimes.vn/Uploads/Articles/290183/84e75_img_0670.jpg\" style=\"\" width=\"646\"></strong></p><p><strong><em>Phát triển mô hình nuôi ruồi lính đen được hai năm ông Tuấn hiện đã có một trang trại khá lớn, cho thu hoạch 3-5kg trứng/ngày.</em></strong></p><p class=\"ql-align-justify\">Hiện ông Tuấn có một số dự án lớn về xử lý rác thải của các nhà máy, trong đó, nhộng ruồi được bán cho khu công nghiệp xử lý chất thải của các nhà máy chế biến thủy sản. Những chất thải này sau khi đi qua ruột nhộng ruồi lính đen sẽ thành phân hữu cơ dùng trong nông nghiệp có giá trị cao gấp 2-3 lần so với phân trùn quế.</p><p class=\"ql-align-justify\">Sau 2 năm gầy dựng, hiện trang trại tại Củ Chi của ông Tuấn thu về 3-5kg trứng/ngày. Ông cũng đang kết nối với các đối tác nước ngoài để có thể xuất khẩu trứng ruồi và nhộng sấy khô.</p><p><strong>Kiến trúc sư xây dựng bỏ nghề đi làm nông</strong></p><p class=\"ql-align-justify\">Nằm sâu trong mảnh vườn cao su, một mô hình nuôi trồng tạm bợ được rào chắn kỹ bởi những những chiếc lưới mùng. Bên trong, hàng triệu con ruồi lính đen bay chi chít, còn bên ngoài một khu đất dài được dựng lều để cấy trứng, nuôi nhộng.</p><p class=\"ql-align-justify\">Chủ nhân của mô hình này là anh Nguyễn Chí Cảnh (28 tuổi) sinh ra ở Quảng Ngãi. Cảnh từng là kiến trúc sư nhưng với mong muốn tìm kiếm một công việc có thể tự do về thời gian và gần gũi với thiên nhiên, Cảnh lấn sân vào các mô hình nông nghiệp.</p><p class=\"ql-align-justify\">Cách đây 6 tháng, trong một lần xuống Vĩnh Long thăm trại của người quen, thấy họ nuôi ruồi lính đen Cảnh nảy sinh ý tưởng startup với mô hình này.</p><p class=\"ql-align-justify\">Nói là làm, ngay khi về TPHCM, Cảnh thuê muột khu rừng cao su lớn ở huyện Củ Chi, tìm kiếm các nguồn giống (trứng) có sẵn để nhân ra.</p><p><strong><img src=\"https://cdn.thesaigontimes.vn/Uploads/Articles/290183/1764a_5.jpg\"></strong></p><p><strong><em><span class=\"ql-cursor\">﻿</span>Bỏ công việc của một Kiến trúc sư, Cảnh chọn khởi nghiệp với nghề nông.</em></strong></p><p class=\"ql-align-justify\">Tuy nhiên, thời gian đầu do chưa nắm được kỹ thuật nên dù được đánh giá là loại côn trùng dễ nuôi nhưng Cảnh không ít lần phải đối mặt với thất bại.</p><p class=\"ql-align-justify\">Trong lần đầu tiên, vốn liếng không nhiều, phải bỏ tiền ra mua trứng về ấp (ấp cho trứng nở) để nhân giống. Nhưng vì chưa nắm rõ kỹ thuật, làm trứng ướt hết nên tất cả hư hết.</p><p class=\"ql-align-justify\">Lần khác, khi đã biết cách ấp trứng, cậu lại nuôi ruồi lính đen với mật độ quá dày. Nóng, số ruồi nhân được lại chết gần hết. Lúc không có tiền mua thức ăn cho ruồi, tận dụng rau củ quả bị hư dập của các tiểu thương ngoài chợ</p><p class=\"ql-align-justify\">Cũng không ít lần, đàn sâu (phát triển từ nhộng ruồi) của Cảnh “tắc tử”. Vì không có tiền mua thức ăn chăn nuôi, Cảnh ra chợ xin các tiểu thương số rau - củ - quả hư hỏng bị bỏ lại mang về cho ruồi ăn, không may sâu ruồi ăn vào rồi lần lượt chết hết.</p><p class=\"ql-align-justify\">“Tự mày mò tìm hiểu nên nhiều lúc nó không như mình mong muốn, không ít lần trứng bị hư, ruồi bị chết. Cứ như thế mình phải phá đi, xây lại. Buồn và tiếc tiền lắm”, Cảnh chia sẻ.</p><p class=\"ql-align-justify\">Cảnh cho biết, không như ruồi nhà, ruồi lính đen rất có ích cho môi trường và giá trị kinh tế rất cao. Có thể thu bán ở nhiều giai đoạn phát triển của ruồi như bán trứng, nhộng - đây là một loại thức ăn bổ sung đạm rất tốt cho các loại vật nuôi.</p><p class=\"ql-align-justify\">Nhộng của ruồi lính đen còn được sử dụng để xử lý rác thải hữu cơ, phân giải rác thải hữu cơ thành phân (dùng trong nông nghiệp).</p><p class=\"ql-align-justify\">Đặc biệt giá trị thương phẩm của trứng ruồi hiện rất cao, dao động từ 25-30 triệu đồng/kg.</p><p class=\"ql-align-justify\">Hiện tại, dù quy mô còn khá nhỏ, mỗi ngày mới thu được khoảng 200gr trứng nhưng Cảnh rất lạc quan với mô hình mà mình theo đuổi. Mỗi tháng Cảnh thu được khoảng 5kg trứng với doanh thu hơn 100 triệu đồng, sau khi trừ chi phí hiện thu nhập của Cảnh khoảng 20 triệu đồng/tháng.</p><p class=\"ql-align-justify\">Cảnh cho rằng, dù còn khá mới nhưng mô hình nuôi ruồi lính đen lại rất có tiềm năng. Số lượng trứng và nhộng sấy khô không đủ cung cấp nhu cầu thu mua của các đầu mối. Trong tương lai, Cảnh cho biết sẽ lên kế hoạch phát triển chi tiết để có thể tìm kiếm vốn đầu tư.</p><p><br></p>',2,'2019-06-19 00:55:20',11,0,0),(79,'Chai nước 10.000 đồng và câu chuyện thành công của Tân Hiệp Phát','img/news-865565126.jpg','Tân Hiệp Phát là một trong những doanh nghiệp đoạt Giải Vàng Chất lượng Quốc gia năm 2018. Để tìm giá trị cốt lõi làm nên thành công của doanh nghiệp, phóng viên báo Tin Tức đã có cuộc trao đổi với bà Trần Uyên Phương, Phó Tổng Giám đốc Tân Hiệp Phát.','<h2 class=\"ql-align-justify\"><strong>Tân Hiệp Phát là một trong những doanh nghiệp đoạt Giải Vàng Chất lượng Quốc gia năm 2018. Để tìm giá trị cốt lõi làm nên thành công của doanh nghiệp, phóng viên báo Tin Tức đã có cuộc trao đổi với bà Trần Uyên Phương, Phó Tổng Giám đốc Tân Hiệp Phát.</strong></h2><p class=\"ql-align-justify\"><em>Thưa bà, Tân Hiệp Phát là một trong những doanh nghiệp đoạt&nbsp;Giải Vàng Chất lượng Quốc gia năm 2018. Vậy đâu là những điểm mạnh để&nbsp;Tân Hiệp Phát \"định vị\" là&nbsp;doanh nghiệp hàng đầu Việt Nam về đồ uống và&nbsp;luôn được vinh danh với những giải thưởng cao quý như vậy?</em></p><p class=\"ql-align-justify\">Người sáng lập Tân Hiệp Phát là một kỹ sư cơ khí,&nbsp;việc doanh nghiệp có nhà máy thành công hôm nay xuất phát từ việc mua một dây chuyền của nhà máy bia Sài Gòn. Dư luận&nbsp;đều tin rằng, dây chuyền đó không thể lắp ráp lại được, nhưng với trình độ kỹ sư cơ khí, người sáng lập đã dám nghĩ dám làm, sáng kiến, cải tiến kỹ thuật để hoàn thiện được dây chuyền. Và sau 2 năm, nhà máy đã được vận hành đạt&nbsp;80% công suất thiết kế.</p><p class=\"ql-align-justify\">Từ năm 1999, Tân Hiệp Phát bắt đầu đầu tư&nbsp;dây chuyền và liên lạc với các đơn vị hàng đầu của Đức để mua máy móc thiết bị. Điều doanh nghiệp tự hào là đến nay, Tân Hiệp Phát đã đi đầu trong sử dụng hệ thống công nghệ vô trùng Aseptic của Tập đoàn GEA (Đức), giá trị lên đến 300 triệu USD để đưa vào sản xuất tại các nhà máy của mình. Những sản phẩm của Tân Hiệp Phát được sản xuất từ&nbsp;nguyên liệu tự nhiên, không cần bảo quản, mà vẫn có thể đảm bảo về chất lượng ổn định trong 12 tháng. Công nghệ là thế mạnh, giúp thương hiệu doanh nghiệp&nbsp;ngày càng hoàn thiện.</p><p class=\"ql-align-justify\">Tân Hiệp Phát đã có 25 năm phát triển, câu chuyện đằng sau 1 chai nước trị giá 10.000 đồng không chỉ là một chai nước, doanh nghiệp đã phải đầu tư hàng trăm triệu USD và nỗ lực qua nhiều thế hệ tại công ty, để làm ra một chai nước chất lượng đạt chuẩn như hiện nay.</p><p class=\"ql-align-center\"><img src=\"https://cdnmedia.baotintuc.vn/Upload/xWDHf0fP0gRVbF1yzOohA/files/2019/06/MXT_1246.JPG\" alt=\"Chú thích ảnh\" style=\"\" width=\"717\"></p><p class=\"ql-align-center\"><em>Bà Trần Uyên Phương, Phó Tổng Giám đốc Tân Hiệp Phát.</em></p><p class=\"ql-align-justify\"><em>Bà có đề cập đến đằng sau một chai nước 10.000 đồng là câu chuyện dài. Vậy, câu chuyện để một chai nước 10.000 đồng có thể đem lại thương hiệu Tân Hiệp Phát hiện nay là như thế nào?</em></p><p class=\"ql-align-justify\">Nếu đơn giản chỉ để nói đến chai nước 10.000 đồng mà có một Tân Hiệp Phát hiện nay thì chỉ ngắn gọn một câu là \"biến điều không thể thành có thể\". Không ai tin một dây chuyền máy móc, thiết bị cũ của bia Sài Gòn đã rệu rã lại&nbsp;có thể hồi sinh. Vậy mà&nbsp;sau 3 năm&nbsp;thành lập, năm 1997, Tân Hiệp Phát bắt đầu ứng dụng ISO và&nbsp;trở thành nhà máy bia đầu tiên của Việt Nam được chứng nhận ISO. Nhắc đến giai đoạn này, không nhân viên nào trong Tân Hiệp Phát&nbsp;có thể quên. Tất cả mọi người đều làm việc&nbsp;từ 8 giờ sáng ngày hôm trước đến 5&nbsp;giờ sáng ngày&nbsp;hôm sau, liên tục trong 5 tháng 19 ngày, để có thể viết lại toàn bộ hoạt động của công ty đã và đang làm.</p><p class=\"ql-align-justify\">Tân Hiệp Phát không chỉ hướng tới đạt tiêu chuẩn Việt Nam, mà từ tất cả các khâu, chúng tôi đều nghĩ đến tiêu chuẩn xuất khẩu, nên tất cả sản phẩm của Tân Hiệp Phát đều có khả năng cạnh tranh với hàng hóa nước ngoài. Hiện nay, nhiều đơn vị phân phối ở nhiều các quốc gia đã đặt mua sản phẩm của Tân Hiệp Phát như: Canada, Hoa kỳ...</p><p class=\"ql-align-justify\">Mục tiêu của Tân Hiệp Phát là nâng giá trị xuất khẩu lên từ 10 -&nbsp;20%. Bởi, nhận thấy mức độ tăng trưởng ở thị trường Việt Nam còn quá lớn, nên doanh nghiệp ưu tiên phục vụ và sáng tạo thêm nhiều sản phẩm nội địa. Doanh nghiệp luôn xác định \"biển lớn ở đâu, chính ngay trên sân nhà\". Vì vậy, Tân Hiệp Phát luôn tiếp tục đầu tư, tạo lợi thế cạnh tranh, đổi mới sáng tạo, ổn định giá thành hợp lý phục vụ khách hàng.</p><p class=\"ql-align-justify\"><em>Giải thưởng chất lượng quốc gia đã có bề dày hơn 20 năm, nhưng tại sao đến năm 2018 mới có sự xuất hiện của Tân Hiệp Phát?</em></p><p class=\"ql-align-justify\">Tân Hiệp Phát đang đi từng bước chậm chắc và nỗ lực để đáp ứng được đúng tiêu chuẩn&nbsp;mong đợi của khách hàng; đồng thời, coi trọng cải tiến năng lực nhân sự, cơ cấu tổ chức, chất lượng sản xuất, chất lượng dịch vụ từ năm 2010 và đến năm 2018 mới quyết định tham gia giải thưởng.</p><p class=\"ql-align-justify\">Một trong những tiêu chí đạt được của giải thưởng là tăng trưởng tốt, thì 3 năm qua, Tân Hiệp Phát tăng trưởng khá tốt. Giải Vàng Chất lượng Quốc gia chính là sự ghi nhận, khẳng định doanh nghiệp đang đi đúng hướng, để tiến lên trở thành một trong những công ty hàng đầu châu Á. Đó là những cột mốc mà Tân Hiệp Phát&nbsp;cần phải vượt qua.</p><p class=\"ql-align-justify\">Trước khi tham gia giải thưởng, Tân Hiệp Phát cũng triển khai một chương trình thay đổi tư duy cách nhìn, mục tiêu là mang lại hiệu quả cho khách hàng, để họ được phục vụ tốt nhất.</p><p class=\"ql-align-justify\"><em>Trân trọng cảm ơn bà!</em></p><p class=\"ql-align-right\"><strong>Thu Trang (thực hiện)</strong></p><p><br></p>',2,'2019-06-19 00:57:23',11,0,0),(80,'Thỏa thuận hiếm hoi trong bối cảnh căng thẳng thương mại toàn cầu','img/news-435881581.jpg','Hiệp định Thương mại giữa châu Âu với Khối thị trường chung Nam Mỹ (Mercosur) sẽ là thỏa thuận hiếm hoi trong bối cảnh căng thẳng thương mại toàn cầu. Cho đến nay, hai bên đang tiến rất gần đến một hiệp định thương mại tự do sâu rộng hơn, đóng vai trò là một đối trọng mạnh mẽ với căng thẳng gia tăng trong thương mại toàn cầu.','<p><strong>Hiệp định Thương mại giữa châu Âu với Khối thị trường chung Nam Mỹ (Mercosur) sẽ là thỏa thuận hiếm hoi trong bối cảnh căng thẳng thương mại toàn cầu. Cho đến nay, hai bên đang tiến rất gần đến một hiệp định thương mại tự do sâu rộng hơn, đóng vai trò là một đối trọng mạnh mẽ với căng thẳng gia tăng trong thương mại toàn cầu.</strong></p><p>Bộ trưởng Ngoại giao Brazil Ernesto Araújo ngày 17/6 phát ngôn trên Financial Times cho biết, có một động lực chính trị chưa từng thấy trong một thời gian dài. Hiệp định Thương mại giữa EU và Mercosur có thể được ký sớm nhất vào tháng 7 tới.</p><p><img src=\"https://congthuong.vn/stores/news_dataimages/minhnguyet/062019/18/19/in_article/4717_hiep-dinh.jpg\" alt=\"thoa thuan hiem hoi trong boi canh cang thang thuong mai toan cau\"></p><p><em><span class=\"ql-cursor\">﻿</span>Ảnh minh họa</em></p><p>Như vậy, sau hai thập kỷ đàm phán, hai bên đã nhất trí về hầu hết các chương trong một hiệp định mà nếu hoàn tất, sẽ là cuộc đàm phán lớn nhất từng được EU đàm phán về việc cắt giảm thuế quan. Tuy nhiên, phía châu Âu đưa ra lưu ý thận trọng rằng vẫn có nhiều việc phải làm. Chủ tịch Ủy ban châu Âu Jean-Claude Juncker, cho rằng, đàm phán Hiệp định Thương mại tự do với Mercosur là việc làm “khó khăn” nên “không lạc quan nhưng cũng không bi quan”.</p><p>Các cuộc đàm phán đã đi vào những lĩnh vực nhạy cảm sâu sắc với cả hai bên, bao gồm cả triển vọng cạnh tranh lớn hơn cho người chăn nuôi bò châu Âu và cho các nhà sản xuất xe hơi Mercosur. Bên phía EU cũng đã có sự thất vọng về việc thiếu sự phối hợp giữa các quốc gia Mercosur, với các thành viên đầy đủ là các cường quốc nông nghiệp như Argentina, Brazil, Paraguay và Uruguay. Điều này một phần bị đổ lỗi cho sự thất bại của nỗ lực đảm bảo đạt được thỏa thuận vào năm ngoái.</p><p>Châu Âu hoan nghênh những tuyên bố gần đây của Brazil về tầm quan trọng của hiệp định này nhưng các cuộc đàm phán vẫn đang ở giai đoạn kỹ thuật. Một số vấn đề chủ yếu là nông nghiệp - bao gồm cách xử lý tốt nhất các biện pháp kiểm dịch động thực vật, xác định xuất xứ hàng hóa, hạn ngạch xuất khẩu đường và thịt bò vẫn cần phải được thống nhất. Brussels đang thúc đẩy mạnh mẽ việc hoàn thành một hiệp định trong tháng này hoặc tháng tới. Cả hai bên đều muốn thúc đẩy trước cuộc bầu cử tiềm năng của một chính phủ dân túy cánh tả ở Argentina và sự xuất hiện của các ủy viên mới ở châu Âu, đều dự kiến ​​vào tháng 10.</p><p>Nếu được chấp thuận, hiệp định thương mại tự do giữa EU và Mercosur có thể bao gồm mọi lĩnh vực, từ hàng hóa đến thị trường dịch vụ đến mua sắm công cộng. Một hiệp định giữa EU và khối thương mại lớn thứ tư thế giới sẽ ngay sau các hiệp định với Nhật Bản và Canada. Tuy nhiên, về mặt giá trị của thuế quan được bãi bỏ, nó sẽ có giá trị gấp bốn lần so với hai hiệp định này.</p><p>Hơn nữa, FTA này được kỳ vọng sẽ mang lại hy vọng hiếm hoi trong thương mại toàn cầu tại thời điểm Tổng thống Mỹ Donald Trump tiếp tục gia tăng căng thẳng với Trung Quốc và Mexico. Các nhà phân tích cho rằng, một thỏa thuận với Mercosur có ý nghĩa đặc biệt hơn khi EU tìm cách đi đầu đề xuất về thương mại tự do toàn cầu trái ngược với chủ nghĩa bảo hộ của chính quyền Trump. Một hiệp định với EU sẽ là thỏa thuận thương mại đầu tiên được ký kết bởi Mercosur với bên ngoài khu vực kể từ khi khối này được hình thành vào đầu những năm 1990. Nó cũng sẽ đại diện cho một bước tiến của Brazil và Argentina trong nỗ lực mở cửa nền kinh tế nội địa. Nó sẽ là một chiến thắng lớn cho các chính phủ khi các nền kinh tế đang chùn bước tê liệt bởi các chính sách kinh tế.</p><p>Cao ủy Thương mại EU Cecilia Malmstrom cho rằng, mặc dù có một số vấn đề phức tạp đang chờ xử lý nhưng triển vọng hiện tại cho FTA với Mercosur là rất lớn trước khi Ủy ban châu Âu mới được thành lập. Vì vậy, hiệp định này được coi là ưu tiên số một hiện nay, EU và Mỹ Latinh đang sẵn sàng thực hiện một thỏa thuận thương mại là một tín hiệu cực kỳ mạnh mẽ.</p><p class=\"ql-align-right\"><strong>Minh Việt</strong></p><p><br></p>',2,'2019-06-19 00:58:10',11,0,0),(81,'Kỷ nguyên Made in China đã là quá khứ?','img/news-862106856.jpg','Chủ tịch Giant Manufacturing, nhà sản xuất xe đạp lớn nhất thế giới, nói rằng thời đại của Made In China đã là quá khứ.','<p><img src=\"https://st.galaxypub.vn/staticFile/Subject/2019/06/18/giant-manufacturing-co._18184919.jpg\"></p><p><em>Ảnh: Bloomberg.com</em></p><p><strong>Chủ tịch Giant Manufacturing, nhà sản xuất xe đạp lớn nhất thế giới, nói rằng thời đại của Made In China đã là quá khứ.</strong></p><p><br></p><p>Giant Manufacturing đã nhìn thấy nguy cơ từ cuộc chiến thương mại. Nhà sản xuất xe đạp lớn nhất thế giới đã bắt đầu chuyển sản xuất các đơn hàng xuất khẩu đến Mỹ ra khỏi các cơ sở ở Trung Quốc đến cơ sở tại Đài Loan ngay khi nghe tin ông Donald Trump đe dọa áp thuế quan vào tháng 9.2018.</p><p>“Khi ông Trump công bố kế hoạch áp thuế 25%, chúng tôi đã cân nhắc nghiêm túc”, ông Bonnie Tu, Chủ tịch&nbsp;Giant Manufacturing cho biết trong một cuộc phỏng vấn tại trụ sở của Thành phố khổng lồ Đài Trung ở Đài Loan. “Chúng tôi bắt đầu di chuyển ngay lập tức.”</p><p>Giant chỉ là một trong số các công ty toàn cầu đang tìm cách đưa hoạt động sản xuất khỏi Trung Quốc nhằm tránh tác động của cuộc chiến thương mại ngày càng leo thang giữa hai nền kinh tế lớn nhất thế giới. Mới đây nhất, Intel cũng đã nói rằng họ đang xem xét lại chuỗi cung ứng toàn cầu của mình, trong khi Li &amp; Fung, nhà cung cấp hàng tiêu dùng lớn nhất thế giới, cho biết cuộc chiến thương mại đang thúc đẩy họ đa dạng hóa chuỗi cung ứng ngoài Trung Quốc.</p><p>“Năm ngoái, tôi nhận thấy rằng thời đại của Made In China và chuỗi cung ứng toàn cầu đã kết thúc”, ông Tu nói. Nhà sản xuất xe đạp leo núi và đua xe đã đóng cửa một nhà máy ở Trung Quốc vào cuối năm 2018 và chuyển hầu hết các đơn đặt hàng của Mỹ ra khỏi Trung Quốc. Tháng 7.2018, Giant thông báo rằng, họ đang thiết lập một nhà máy ở Hungary, vì việc dịch chuyển sản xuất gần với thị trường tiêu thụ là một trào lưu”.</p><p><img src=\"https://st.galaxypub.vn/staticFile/Subject/2019/06/18/cong-ty-xe-dap-lon-nhat-the-gioi_181758917.jpg\" alt=\"Ky nguyen Made in China da la qua khu?\"></p><p>Dây chuyền lắp ráp xe đạp của Giant ở Đài Trung, Đài Loan. Ảnh: Bloomberg.com</p><p>Giant hiện có một nhà máy ở Đài Loan và Hà Lan, và vẫn còn năm nhà máy ở Trung Quốc. Nhà máy ở Đài Loan sẽ làm việc gấp đôi để đáp ứng kịp các đơn đặt hàng. Công ty cho biết họ đang tìm kiếm một đối tác ở Đông Nam Á.</p><p>\"Thế giới không còn phẳng nữa\", ông Tu nhắc đến cuốn sách Thế giới Phẳng của Thomas Friedman để nói về tình hình hiện tại, khi mà thế giới đã không còn là một sân chơi bình đẳng cho các công ty và thương mại.</p><p><img src=\"https://ad.doubleclick.net/ddm/trackimp/N505005.2148904BLUESEEDADNETWORK/B22686464.246254483;dc_trk_aid=442852098;dc_trk_cid=115911915;ord=[timestamp];dc_lat=;dc_rdid=;tag_for_child_directed_treatment=;tfua=\" alt=\"Advertisement\" height=\"1\" width=\"1\">&nbsp;</p><p>Spencer Fung, Giám đốc điều hành Li &amp; Fung, cũng đồng tình với quan điểm của ông Tu, nói rằng Trung Quốc trở thành công xưởng sản xuất của thế giới vì sản xuất hàng hóa rất hiệu quả. “Tìm nguồn cung ứng đã trở nên rất dễ dàng”.</p><p>“Họ chỉ cần bỏ tất cả trứng vào giỏ Trung Quốc vì người Trung Quốc rất có năng lực”, ông Fung nói. Bây giờ, cuộc chiến thương mại về cơ bản buộc mọi người phải suy nghĩ lại về toàn bộ chiến lược tìm nguồn cung ứng trên toàn cầu cũng như rời khỏi Trung Quốc.</p><p>Cổ phiếu của Giant đã tăng 9,8% vào 17/7, mức tăng&nbsp;lớn nhất từ trước đến nay, sau khi công ty cho biết họ dự báo 1/4 doanh thu trong năm nay đến từ xe đạp điện tử.</p><p><img src=\"https://st.galaxypub.vn/staticFile/Subject/2019/06/18/co-phieu-cong-ty-xe-dap-lon-nhat-the-gioi_18180475.png\" alt=\"Ky nguyen Made in China da la qua khu?\">C</p><p>ổ phiếu của Giant Manufacturing tăng mạnh nhất từ trước đến nay. Ảnh: Bloomberg.com</p><p>Việc Giant sẵn sàng dịch chuyển đơn đặt hàng ra khỏi Trung Quốc, nơi đang là trung tâm cuộc chiến thương mại của Mỹ, được các nhà đầu tư đánh giá tích cực.</p><p>Giải thích lý do chính cho việc chuyển sang cơ cở sản xuất ở của Đài Loan, ông Tu nói: Thuế quan làm chi phí sản xuất xe đạp tại Trung Quốc tăng thêm trung bình 100 USD/chiếc.</p><p>Tuy nhiên, dịch chuyển sản xuất đi kèm với chi phí nhân công tăng lên, thiếu dây chuyền sản xuất cũng như các ưu đãi khác. Ông Tu không đưa ra chi phí cụ thể, song công ty sẽ hoạt động tốt hơn nếu không có cuộc chiến thương mại giữa Mỹ và Trung Quốc.</p><p>Đó là lý do tại sao Giant để ngỏ khả năng phục hồi sản xuất tại các nhà máy Trung Quốc nếu Mỹ và Trung Quốc có thể thực hiện thỏa thuận thương mại.</p><p>“Nếu nước Mỹ quyết định loại bỏ mức thuế 25%, chúng tôi sẽ chuyển sản xuất trở lại Trung Quốc ngay lập tức”, ông Tu nói.</p><p>Nguồn&nbsp;<a href=\"https://www.bloomberg.com/news/articles/2019-06-17/world-s-top-bicycle-maker-says-era-of-made-in-china-is-over\" target=\"_blank\" style=\"color: rgb(0, 0, 0);\">Bloomberg</a></p>',2,'2019-06-19 01:00:50',1,0,0),(82,'Vợ chồng người Đức bị \'ném đá\' vì xin tiền dân mạng để đi du lịch','img/news-610153767.jpg','Vợ chồng người Đức nhận \"cơn mưa gạch đá\" khi kêu gọi ủng hộ 9.000 bảng Anh để đi du lịch và tuyên bố không muốn kiếm việc làm.','<p><strong>Vợ chồng người Đức nhận \"cơn mưa gạch đá\" khi kêu gọi ủng hộ 9.000 bảng Anh để đi du lịch và tuyên bố không muốn kiếm việc làm.</strong></p><p>Theo<em style=\"background-color: transparent;\">&nbsp;The Sun</em>, Catalin Onc cùng vợ Elena Engelhardt (người Đức) đang là tâm điểm chỉ trích của hơn 38.000 người theo dõi trên trang cá nhân khi kêu gọi dân mạng quyên góp tiền cho kỳ nghỉ ở châu Phi vào tháng 7 sắp tới.</p><p>Chia sẻ trên trang blog của mình, đôi trẻ nói họ cần 9.000 bảng Anh (khoảng 262 triệu đồng). Số tiền trên là kinh phí dự kiến để chi trả cho xe đạp, thiết bị, thực phẩm và chỗ ở cùng các dịch vụ Internet, thẻ sim khi đến các vùng khác nhau.</p><p><span style=\"background-color: transparent;\"><img src=\"https://znews-photo.zadn.vn/w660/Uploaded/ofh_btgazspf/2019_06_18/51820255_2244038132476334_6531928708436172317_n.jpg\" alt=\"Vo chong nguoi Duc bi \'nem da\' vi xin tien dan mang de di du lich hinh anh 1 \" height=\"810\" width=\"718\" style=\"\"></span></p><p>Vợ chồng người Đức bị chỉ trích khi kêu gọi quyên góp 9.000 bảng Anh cho chuyến du lịch của mình.&nbsp;</p><p>Trong khi mọi người đều phải đi làm, tiết kiệm tiền cả tháng, thậm chí nhiều năm để có chuyến đi trong mơ, lời kêu gọi ủng hộ tiền của vợ chồng Catalin khiến người theo dõi cảm thấy bức xúc.</p><p>Điều đáng nói, đôi trẻ không hề tỏ ra thiếu thốn mà thường xuyên khoe cuộc sống sang chảnh, đi du lịch nhiều nơi như Bali (Indonesia), Paris (Pháp), Copenhagen (Đan Mạch)...</p><p>\"Thật đáng xấu hổ\", \"Các bạn nên nhấc mông lên và kiếm việc làm đi\" là những bình luận dân mạng gửi đến&nbsp;Catalin và&nbsp;Elena.</p><p>\"Các bạn chỉ là một cặp ăn bám đang cố moi tiền người khác để chi cho những chuyến du lịch\", một người khác chỉ trích.</p><p>Trên trang&nbsp;<em style=\"background-color: transparent;\">Go Fund Me</em>&nbsp;được&nbsp;Catalin lập nên để kêu gọi ủng hộ mới chỉ thu được 178 bảng Anh trên tổng số 9.000 bảng Anh.</p><p><span style=\"background-color: transparent;\"><img src=\"https://znews-photo.zadn.vn/w660/Uploaded/ofh_btgazspf/2019_06_18/52634671_553357671825206_857181010281502814_n.jpg\" alt=\"Vo chong nguoi Duc bi \'nem da\' vi xin tien dan mang de di du lich hinh anh 2 \" height=\"1080\" width=\"716\" style=\"\"></span></p><p><span style=\"background-color: transparent;\"><img src=\"https://znews-photo.zadn.vn/w660/Uploaded/ofh_btgazspf/2019_06_18/52954505_2251009708452662_795797641362957397_n.jpg\" alt=\"Vo chong nguoi Duc bi \'nem da\' vi xin tien dan mang de di du lich hinh anh 3 \" height=\"1350\" width=\"720\" style=\"\"></span></p><p><span style=\"background-color: transparent;\"><img src=\"https://znews-photo.zadn.vn/w660/Uploaded/ofh_btgazspf/2019_06_18/61274373_441904889937032_1300742095434777594_n.jpg\" alt=\"Vo chong nguoi Duc bi \'nem da\' vi xin tien dan mang de di du lich hinh anh 4 \" height=\"1079\" width=\"723\" style=\"\"></span></p><p><span style=\"background-color: transparent;\"><img src=\"https://znews-photo.zadn.vn/w660/Uploaded/ofh_btgazspf/2019_06_18/62098596_2254326037937751_600239182758374534_n.jpg\" alt=\"Vo chong nguoi Duc bi \'nem da\' vi xin tien dan mang de di du lich hinh anh 5 \" height=\"1080\" width=\"724\" style=\"\"></span></p><p>Thường xuyên khoe cuộc sống sang chảnh, hành động của vợ chồng trẻ bị cho là khó chấp nhận.</p><p>Trước những ý kiến chỉ trích, hai vợ chồng giải thích họ muốn thông qua chuyến đi bằng xe đạp tới châu Phi của mình để giúp mọi người nhận thức được các vấn đề về xã hội cũng như nóng lên toàn cầu.&nbsp;</p><p>\"Một số người nói chúng tôi hãy tìm việc và ngừng xin tiền đi. Nhưng khi bạn có sức ảnh hưởng lên cuộc sống những người khác, kiếm một công việc không phải là sự lựa chọn\", vợ chồng trẻ nói.</p><p>Catalin cho hay hiện anh và vợ đang nhận trợ cấp từ mẹ: \"Bà ấy làm cùng lúc 2 công việc nhưng cũng không có nhiều tiền lắm. Chúng tôi không yêu cầu mẹ cho tiền nhưng bà thấy vui khi có thể giúp đỡ\".</p><p>Cuối cùng, để đáp lại phản ứng dữ dội của dân mạng,&nbsp;Catalin quyết định tạm ngừng dùng mạng xã hội trong vòng 30 ngày.</p><p><br></p>',2,'2019-06-19 01:05:10',10,0,0),(83,'Gặp gỡ chuyên gia ‘Bùng nổ doanh số trên internet’: Kỳ 1 - TS Lê Thẩm Dương','img/news-389871194.jpg','Sự kiện Internet Sales Explosion được đánh giá là một trong những sự kiện Internet marketing & Sale “đình đám” nhất năm 2019 diễn ra trong hai ngày 22 và 23.6.2019 tại Trung tâm Hội nghị Quốc gia Hà Nội.','<p>Sự kiện Internet Sales Explosion được đánh giá là một trong những sự kiện Internet marketing &amp; Sale “đình đám” nhất năm 2019 diễn ra trong hai ngày 22 và 23.6.2019 tại Trung tâm Hội nghị Quốc gia Hà Nội.</p><p><br></p><p class=\"ql-align-center\"><img src=\"https://image.thanhnien.vn/660/uploaded/dieutrang.qc/2019_06_18/internet/internet_venn.jpg\"></p><p class=\"ql-align-center\"><br></p><p><br></p><p>Chúng tôi đã có cuộc gặp gỡ TS Lê Thẩm Dương để tìm hiểu thêm về tầm quan trọng của kinh doanh và marketing online trong thời đại công nghệ 4.0.</p><p><em>Thưa thầy, theo thầy, trong bối cảnh internet bùng nổ, những nguyên tắc nào cần chú ý để bán hàng thành công?</em></p><p><strong>TS Lê Thẩm Dương</strong>: Chọn sản phẩm đúng và tập trung để trấn giữ được khâu “bán”. Bán được là thắng. Và trong bối cảnh internet bùng nổ phải làm chủ được “công nghệ” phục vụ việc bán.</p><p><em>Nhiều doanh nghiệp hiện vẫn đang có thu nhập tốt từ các hoạt động offline và bán hàng trên bàn nhậu. Thầy đánh giá thế nào về tương lai của cách bán hàng này?</em></p><p>Mô hình offline vẫn có những ưu điểm với một nhóm ngành hàng nhất định và chắc chắn hoạt động offline vẫn sẽ tồn tại. Tuy nhiên, nếu không bắt đầu chú trọng đến các hoạt động online, vài năm nữa họ sẽ bị tụt hậu và trả giá rất đắt vì không chịu thay đổi.</p><p>Hãy nhìn số lượng các cửa hàng, hệ thống bán lẻ đang đóng cửa ngày càng nhiều ở Mỹ. Việt Nam cũng sẽ theo con đường đó thôi.</p><p><em>Các doanh nghiệp đang dùng kênh bán hàng truyền thống cần bắt đầu như thế nào để chuyển đổi và gia tăng tỷ trọng doanh số trên internet?</em></p><p>Tái cấu trúc sản phẩm hoặc xây dựng hệ thống sản phẩm mới để phù hợp với kinh doanh online. Vì không phải sản phẩm nào cũng mang lên online thành công được.</p><p>Sau đó, cần bổ sung hệ thống “tư duy, chiến lược, kỹ năng, công cụ” (công nghệ) cho đội ngũ nhân sự.</p><p><em>Những thách thức, rào cản nào khiến doanh nghiệp khó triển khai bán hàng trên internet?</em></p><p>Nội tại thì các doanh nghiệp truyền thống thường ngại thay đổi. Đó là rào cản lớn nhất.</p><p>Khách quan là do góc nhìn của thị trường, của dư luận, của chính sách. Dù chúng ta đã khá cởi mở nhưng tư duy ghét bán hàng và nhìn nhận bán hàng online là nghề tay trái khiến cho doanh nghiệp gặp khó đủ đường khi triển khai các hoạt động bán hàng trên internet.</p><p>Tuy nhiên, việc khó thì thù lao cao. Việc càng khó, càng nhiều thách thức thì càng ít người có thể làm được. Lúc đó ai làm được sẽ trở thành \"hàng hiếm\".</p><p><em>Lãnh đạo và quản lý các hệ thống bán hàng (có nhiều đại lý, đối tác, nhân viên bán hàng) cần rèn luyện kỹ năng nào để phát triển được hệ thống lớn?</em></p><p>Đào tạo, huấn luyện - đây là hoạt động xuyên suốt cho bất cứ tổ chức nào muốn phát triển bền vững.</p><p><em>Là một người lãnh đạo và quản lý đội nhóm bán hàng. Chiến lược nào (chỉ số nào) chúng ta nên tập trung để phát triển được doanh số trong bối cảnh 4.0 lên ngôi?</em></p><p>Trong kinh doanh có 3 việc cần làm và đo lường để phát triển: Một là: phải có nhiều khách hàng. Hai là: khách hàng phải mua nhiều tiền và ba là: khách hàng quay lại nhiều lần.</p><p>Internet, tự động hóa, công nghệ 4.0 với trí tuệ nhân tạo... sẽ giúp chúng ta triển khai các chỉ số này rất nhiều thuận lợi.</p><p><em>Xin cảm ơn TS Lê Thẩm Dương.</em></p><p><strong>Thông tin chi tiết khóa học “Bùng nổ doanh số trên internet”</strong>:&nbsp;<a href=\"https://ulc.vn/\" target=\"_blank\" style=\"color: rgb(0, 115, 159);\">https://ulc.vn/</a></p>',2,'2019-06-19 01:06:52',12,0,0),(84,'Lớp 12 ở Đắk Lắk toàn nam thanh nữ tú và nhiều tài lẻ','img/news-279507953.jpg','Lớp 12A1 Trường THPT EaH\'Leo (Đắk Lắk) là một lớp học khá đặc biệt, quy tụ toàn những học sinh xinh đẹp và giỏi giang.','<p><strong>Lớp 12A1 Trường THPT EaH\'Leo (Đắk Lắk) là một lớp học khá đặc biệt, quy tụ toàn những học sinh xinh đẹp và giỏi giang.</strong></p><p>Lớp 12A1 trường THPT EaH\'Leo, Đắk Lắk được dân mạng đặt biệt danh là \"lớp nhà người ta\" vì quy tụ nhiều nam thanh nữ tú xinh đẹp, giàu thành tích và tài lẻ.</p><p class=\"ql-align-center\"><a href=\"https://image3.tienphong.vn/w665/Uploaded/2019/pcgycivo/2019_06_18/1_zgny.jpeg\" target=\"_blank\" style=\"color: rgb(165, 10, 2);\"><img src=\"https://image3.tienphong.vn/w665/Uploaded/2019/pcgycivo/2019_06_18/1_zgny.jpeg\" alt=\"Lớp 12 ở Đắk Lắk toàn nam thanh nữ tú và nhiều tài lẻ - ảnh 1\" width=\"600\"></a></p><p class=\"ql-align-center\"><em style=\"color: rgb(34, 34, 34);\">Những thiếu nữ xinh đẹp của lớp 12A1</em></p><p class=\"ql-align-center\"><br></p><p>Lớp 12A1 có 43 thành viên, trong đó có 31 bạn là nữ. Các bạn chơi thân với nhau như một gia đình và có nhiều kỉ niệm đẹp. Trước khi ra trường, bạn Đặng Thành Kha chia sẻ hình ảnh cả lớp lên diễn đàn để kỉ niệm.</p><p>Thành Kha cho biết: \"Lớp chúng em không cùng nhau trải qua hết 3 năm cấp 3, chỉ mới 2 năm vì tách lớp.</p><p>Ban đầu còn chút ngại ngùng, nhưng qua những đoạt động của trường, văn nghệ, hội trại và sự dẫn dắt của thầy chủ nhiệm... lớp em đã vô cùng đoàn kết và luôn giúp đỡ lẫn nhau. Hiện tại, cả lớp đang cùng nhau cố gắng hoàn thành kì thi THPT quốc gia thật tốt\".</p><p>Dưới đây là một số thành viên tiêu biểu về thành tích và tài năng của lớp học đặc biệt này.</p><p class=\"ql-align-center\"><a href=\"https://image3.tienphong.vn/w665/Uploaded/2019/pcgycivo/2019_06_18/2_ixmx.jpg\" target=\"_blank\" style=\"color: rgb(165, 10, 2);\"><img src=\"https://image3.tienphong.vn/w665/Uploaded/2019/pcgycivo/2019_06_18/2_ixmx.jpg\" alt=\"Lớp 12 ở Đắk Lắk toàn nam thanh nữ tú và nhiều tài lẻ - ảnh 2\" width=\"600\"></a></p><p class=\"ql-align-center\"><em style=\"color: rgb(34, 34, 34);\">Thảo Uyên là cô gái cực kì hòa đồng và học giỏi Lí, Hóa.</em></p><p class=\"ql-align-center\"><a href=\"https://image3.tienphong.vn/w665/Uploaded/2019/pcgycivo/2019_06_18/3_nlzb.jpg\" target=\"_blank\" style=\"color: rgb(165, 10, 2);\"><img src=\"https://image3.tienphong.vn/w665/Uploaded/2019/pcgycivo/2019_06_18/3_nlzb.jpg\" alt=\"Lớp 12 ở Đắk Lắk toàn nam thanh nữ tú và nhiều tài lẻ - ảnh 3\" width=\"600\"></a></p><p class=\"ql-align-center\"><em style=\"color: rgb(34, 34, 34);\">Ngoài ra, Thảo Uyên còn giỏi thể thao và giúp lớp vô địch giải bóng chuyền nữ cấp trường.</em></p><p class=\"ql-align-center\"><br></p><p class=\"ql-align-center\"><a href=\"https://image3.tienphong.vn/w665/Uploaded/2019/pcgycivo/2019_06_18/4_mmrf.jpg\" target=\"_blank\" style=\"color: rgb(165, 10, 2);\"><img src=\"https://image3.tienphong.vn/w665/Uploaded/2019/pcgycivo/2019_06_18/4_mmrf.jpg\" alt=\"Lớp 12 ở Đắk Lắk toàn nam thanh nữ tú và nhiều tài lẻ - ảnh 4\" width=\"600\"></a></p><p class=\"ql-align-center\"><em style=\"color: rgb(34, 34, 34);\">Phan Thị Y Ngọc thích học Toán và Lí. Ngọc vẽ rất đẹp và thường tham gia các hoạt động sinh hoạt tập thể. Cô luôn giúp đỡ bạn bè trong lớp</em></p><p class=\"ql-align-center\"><a href=\"https://image3.tienphong.vn/w665/Uploaded/2019/pcgycivo/2019_06_18/5_jbmk.jpg\" target=\"_blank\" style=\"color: rgb(165, 10, 2);\"><img src=\"https://image3.tienphong.vn/w665/Uploaded/2019/pcgycivo/2019_06_18/5_jbmk.jpg\" alt=\"Lớp 12 ở Đắk Lắk toàn nam thanh nữ tú và nhiều tài lẻ - ảnh 5\" width=\"600\"></a></p><p class=\"ql-align-center\"><em style=\"color: rgb(34, 34, 34);\">Nguyễn Thị Thu Hà không những xinh đẹp mà còn học giỏi: 12 năm liên tiếp học sinh giỏi toàn diện; đạt huy chương Bạc Olympic Sinh học năm lớp 11.</em></p><p class=\"ql-align-center\"><br></p><p class=\"ql-align-center\"><a href=\"https://image3.tienphong.vn/w665/Uploaded/2019/pcgycivo/2019_06_18/6_urqm.jpg\" target=\"_blank\" style=\"color: rgb(165, 10, 2);\"><img src=\"https://image3.tienphong.vn/w665/Uploaded/2019/pcgycivo/2019_06_18/6_urqm.jpg\" alt=\"Lớp 12 ở Đắk Lắk toàn nam thanh nữ tú và nhiều tài lẻ - ảnh 6\" width=\"600\"></a></p><p class=\"ql-align-center\"><em style=\"color: rgb(34, 34, 34);\">Ngoài ra, Hà còn đam mê bộ môn võ thuật vovinam và đạt được đai vàng; biết chơi bóng chuyền và hát khá tốt.</em></p><p class=\"ql-align-center\"><a href=\"https://image3.tienphong.vn/w665/Uploaded/2019/pcgycivo/2019_06_18/7_ojqd.jpg\" target=\"_blank\" style=\"color: rgb(165, 10, 2);\"><img src=\"https://image3.tienphong.vn/w665/Uploaded/2019/pcgycivo/2019_06_18/7_ojqd.jpg\" alt=\"Lớp 12 ở Đắk Lắk toàn nam thanh nữ tú và nhiều tài lẻ - ảnh 7\" width=\"600\"></a></p><p class=\"ql-align-center\"><em style=\"color: rgb(34, 34, 34);\">Dương Thị Yến không chỉ hát hay mà còn là gương mặt tiêu biểu cho lớp</em></p><p class=\"ql-align-center\"><br></p><p class=\"ql-align-center\"><a href=\"https://image3.tienphong.vn/w665/Uploaded/2019/pcgycivo/2019_06_18/8_fkwj.jpg\" target=\"_blank\" style=\"color: rgb(165, 10, 2);\"><img src=\"https://image3.tienphong.vn/w665/Uploaded/2019/pcgycivo/2019_06_18/8_fkwj.jpg\" alt=\"Lớp 12 ở Đắk Lắk toàn nam thanh nữ tú và nhiều tài lẻ - ảnh 8\" width=\"600\"></a></p><p class=\"ql-align-center\"><em style=\"color: rgb(34, 34, 34);\">Đào Thị Hằng liên tục 12 năm học sinh khá giỏi, biết chơi nhiều loại nhạc cụ.</em></p><p class=\"ql-align-center\"><a href=\"https://image3.tienphong.vn/w665/Uploaded/2019/pcgycivo/2019_06_18/9_zcxk.jpg\" target=\"_blank\" style=\"color: rgb(165, 10, 2);\"><img src=\"https://image3.tienphong.vn/w665/Uploaded/2019/pcgycivo/2019_06_18/9_zcxk.jpg\" alt=\"Lớp 12 ở Đắk Lắk toàn nam thanh nữ tú và nhiều tài lẻ - ảnh 9\" width=\"600\"></a></p><p class=\"ql-align-center\"><em style=\"color: rgb(34, 34, 34);\">Trần Thị Thu Hiền có thành tích học tập đạt Thủ khoa trường hai năm liên tiếp. Cô đạt Học bổng từ Quỹ Tiếp lửa Tài năng; Giải Nhì Hội thi Cán bộ Đoàn giỏi nhiệm kì 2017 -2022; Huy chương Đồng môn Hóa học kì thi Olympic 10-3 cấp Tỉnh; Giải Nhất Hội thao Giáo dục quốc phòng - An Ninh cấp Tỉnh.</em></p><p class=\"ql-align-center\"><br></p><p class=\"ql-align-center\"><a href=\"https://image3.tienphong.vn/w665/Uploaded/2019/pcgycivo/2019_06_18/10_jlmz.jpg\" target=\"_blank\" style=\"color: rgb(165, 10, 2);\"><img src=\"https://image3.tienphong.vn/w665/Uploaded/2019/pcgycivo/2019_06_18/10_jlmz.jpg\" alt=\"Lớp 12 ở Đắk Lắk toàn nam thanh nữ tú và nhiều tài lẻ - ảnh 10\" width=\"600\"></a></p><p class=\"ql-align-center\"><em style=\"color: rgb(34, 34, 34);\">Nguyễn Thị Oanh Kiều là một libero thực thụ trong môn bóng chuyền.</em></p><p class=\"ql-align-center\"><a href=\"https://image3.tienphong.vn/w665/Uploaded/2019/pcgycivo/2019_06_18/11_kyer.jpg\" target=\"_blank\" style=\"color: rgb(165, 10, 2);\"><img src=\"https://image3.tienphong.vn/w665/Uploaded/2019/pcgycivo/2019_06_18/11_kyer.jpg\" alt=\"Lớp 12 ở Đắk Lắk toàn nam thanh nữ tú và nhiều tài lẻ - ảnh 11\" width=\"600\"></a></p><p class=\"ql-align-center\"><em style=\"color: rgb(34, 34, 34);\">Nguyễn Thị Minh Thảo (bên trái ảnh) học rất giỏi và là giọng ca vàng của lớp.</em></p><p class=\"ql-align-center\"><br></p><p class=\"ql-align-center\"><a href=\"https://image3.tienphong.vn/w665/Uploaded/2019/pcgycivo/2019_06_18/12_gzcu.jpg\" target=\"_blank\" style=\"color: rgb(165, 10, 2);\"><img src=\"https://image3.tienphong.vn/w665/Uploaded/2019/pcgycivo/2019_06_18/12_gzcu.jpg\" alt=\"Lớp 12 ở Đắk Lắk toàn nam thanh nữ tú và nhiều tài lẻ - ảnh 12\" width=\"600\"></a></p><p class=\"ql-align-center\"><em style=\"color: rgb(34, 34, 34);\">Đức Long (đeo kính) là học sinh giỏi Hóa, dễ thương, hài hước và là người thu hút các bạn nữ trong trường vì gương mặt đẹp trai của mình.</em></p><p class=\"ql-align-center\"><a href=\"https://image3.tienphong.vn/w665/Uploaded/2019/pcgycivo/2019_06_18/13_cchm.jpg\" target=\"_blank\" style=\"color: rgb(165, 10, 2);\"><img src=\"https://image3.tienphong.vn/w665/Uploaded/2019/pcgycivo/2019_06_18/13_cchm.jpg\" alt=\"Lớp 12 ở Đắk Lắk toàn nam thanh nữ tú và nhiều tài lẻ - ảnh 13\" width=\"600\"></a></p><p class=\"ql-align-center\"><em style=\"color: rgb(34, 34, 34);\">Đặng Thành Kha là chàng trai năng nổ, thích học Anh văn, biết hát, vẽ, chơi đàn ukulele và piano. Kha cũng chính là người chia sẻ bộ ảnh này.</em></p><p class=\"ql-align-center\"><br></p><p class=\"ql-align-center\"><a href=\"https://image3.tienphong.vn/w665/Uploaded/2019/pcgycivo/2019_06_18/14_iegh.jpg\" target=\"_blank\" style=\"color: rgb(165, 10, 2);\"><img src=\"https://image3.tienphong.vn/w665/Uploaded/2019/pcgycivo/2019_06_18/14_iegh.jpg\" alt=\"Lớp 12 ở Đắk Lắk toàn nam thanh nữ tú và nhiều tài lẻ - ảnh 14\" width=\"600\"></a></p><p class=\"ql-align-center\"><em style=\"color: rgb(34, 34, 34);\">Trương Hữu Tuấn Đạt cực kì vui tính và chơi đàn guitar giỏi.</em></p><p class=\"ql-align-center\"><a href=\"https://image3.tienphong.vn/w665/Uploaded/2019/pcgycivo/2019_06_18/15_pbjz.jpg\" target=\"_blank\" style=\"color: rgb(165, 10, 2);\"><img src=\"https://image3.tienphong.vn/w665/Uploaded/2019/pcgycivo/2019_06_18/15_pbjz.jpg\" alt=\"Lớp 12 ở Đắk Lắk toàn nam thanh nữ tú và nhiều tài lẻ - ảnh 15\" width=\"600\"></a></p><p class=\"ql-align-center\"><em style=\"color: rgb(34, 34, 34);\">Nhóm các cô gái xinh đẹp của lớp cùng chung một khung hình.</em></p><p class=\"ql-align-center\"><a href=\"https://image3.tienphong.vn/w665/Uploaded/2019/pcgycivo/2019_06_18/16_gjsd.jpg\" target=\"_blank\" style=\"color: rgb(165, 10, 2);\"><img src=\"https://image3.tienphong.vn/w665/Uploaded/2019/pcgycivo/2019_06_18/16_gjsd.jpg\" alt=\"Lớp 12 ở Đắk Lắk toàn nam thanh nữ tú và nhiều tài lẻ - ảnh 16\" width=\"600\"></a></p><p class=\"ql-align-center\"><em style=\"color: rgb(34, 34, 34);\">Và đây là hình ảnh của cả lớp</em></p><p class=\"ql-align-center\"><a href=\"https://image3.tienphong.vn/w665/Uploaded/2019/pcgycivo/2019_06_18/17_oqcj.jpg\" target=\"_blank\" style=\"color: rgb(165, 10, 2);\"><img src=\"https://image3.tienphong.vn/w665/Uploaded/2019/pcgycivo/2019_06_18/17_oqcj.jpg\" alt=\"Lớp 12 ở Đắk Lắk toàn nam thanh nữ tú và nhiều tài lẻ - ảnh 17\" width=\"600\"></a>&nbsp;</p><p>Theo Dân trí</p>',2,'2019-06-19 01:11:41',16,0,0),(85,'Sinh viên Trường Đại học Kinh tế Quốc dân sẽ được nhận học bổng Vietnam Post','img/news-160534172.jpg','Từ năm học tới, sinh viên Trường Đại học Kinh tế Quốc dân sẽ được nhận học bổng “Vietnam Post - Đồng hành cùng Ssnh viên”. Đây là thông tin được đưa ra tại lễ ký kết thỏa thuận hợp tác giữa Trường Đại học Kinh tế Quốc dân và Tổng công ty Bưu điện Việt Nam diễn ra chiều 17-6 tại Hà Nội.','<h2 class=\"ql-align-justify\"><strong>Từ năm học tới, sinh viên Trường Đại học Kinh tế Quốc dân sẽ được nhận học bổng “Vietnam Post - Đồng hành cùng Ssnh viên”. Đây là thông tin được đưa ra tại lễ ký kết thỏa thuận hợp tác giữa Trường Đại học Kinh tế Quốc dân và Tổng công ty Bưu điện Việt Nam diễn ra chiều 17-6 tại Hà Nội.</strong></h2><p class=\"ql-align-justify\">Theo đó, hằng năm Bưu điện Việt Nam sẽ phối hợp với Trường Đại học Kinh tế Quốc dân trao tặng học bổng cho sinh viên nghèo vượt khó học giỏi; những sinh viên có thành tích xuất sắc trong học tập và nghiên cứu khoa học; sinh viên đạt giải thưởng các cuộc thi cấp trường, cấp quốc gia; sinh viên có thành tích xuất sắc trong hoạt động đoàn và hoạt động xã hội.</p><p class=\"ql-align-justify\">Đặc biệt, Bưu điện Việt Nam sẽ tạo điều kiện để trường Đại học Kinh tế Quốc dân đưa sinh viên giỏi từ năm thứ 3 và các nghiên cứu sinh thuộc các chuyên ngành phù hợp đi kiến tập tại các cơ sở của Bưu điện Việt Nam.</p><p class=\"ql-align-justify\"><span style=\"background-color: initial;\"><img src=\"https://file.qdnd.vn/data/images/0/2019/06/17/vanphong/ky%20ketvietnamposst.jpg?dpi=150&amp;quality=100&amp;w=575\" alt=\"Sinh viên Trường Đại học Kinh tế Quốc dân sẽ được nhận học bổng Vietnam Post\"></span></p><p class=\"ql-align-justify\"><em style=\"background-color: initial;\"><span class=\"ql-cursor\">﻿</span></em><em>Lãnh đạo hai đơn vị ký kết hợp tác.</em></p><p class=\"ql-align-justify\">Bưu điện Việt Nam cũng sẽ ưu tiên tuyển dụng những sinh viên giỏi và những sinh viên thuộc đối tượng được tài trợ học bổng đã thực tập tốt nghiệp tại Tổng công ty. Để khuyến khích các tài năng phát triển, hàng năm Trường Đại học Kinh tế Quốc dân sẽ thông tin tuyên truyền tới tất các sinh viên, đặc biệt là những sinh viên giỏi đang học tại trường biết về ý nghĩa, quy định xét duyệt, giá trị học bổng; cũng như tuyên truyền cho các sinh viên của trường biết, tham gia những chương trình hướng nghiệp và tuyển dụng của Bưu điện Việt Nam...</p><p class=\"ql-align-justify\">Ngoài ra, trong thời gian tới, hai bên sẽ phối hợp thực hiện các công trình nghiên cứu khoa học trên cơ sở nhu cầu và năng lực của hai bên, trong đó chú trọng thực hiện các nghiên cứu mang tính ứng dụng cao trong từng lĩnh vực kinh doanh cụ thể của Bưu điện Việt Nam.</p><p class=\"ql-align-justify\">Cũng tại lễ ký, hai bên đã thống nhất, Bưu điện Việt Nam và các công ty thành viên sẽ được ưu tiên là nhà cung cấp các sản phẩm, gói sản phẩm, dịch vụ chất lượng cho cán bộ công nhân viên và sinh viên của Trường Đại học Kinh tế Quốc dân.</p><p class=\"ql-align-justify\"><strong style=\"background-color: initial;\">Tin, ảnh: VĂN PHONG</strong></p><p><br></p>',2,'2019-06-19 01:14:26',17,0,0),(86,'Vụ đoàn thanh tra Bộ Xây dựng “vòi tiền”: Khởi tố 3 đối tượng','img/news-140265803.jpg','Cơ quan Cảnh sát Điều tra, Công an tỉnh Vĩnh Phúc, đã ra quyết định khởi tố vụ án, khởi tố bị can, tạm giam 3 đối tượng liên quan vụ đoàn thanh tra Bộ Xây dựng “vòi tiền”.','<p><strong>Cơ quan Cảnh sát Điều tra, Công an tỉnh Vĩnh Phúc, đã ra quyết định khởi tố vụ án, khởi tố bị can, tạm giam 3 đối tượng liên quan vụ đoàn thanh tra Bộ Xây dựng “vòi tiền”.</strong></p><p>Ngày 18/6, Viện Kiểm sát nhân dân tỉnh Vĩnh Phúc đã phê chuẩn Quyết định khởi tố bị can đối với Nguyễn Thị Kim Anh, Trưởng đoàn Thanh tra Bộ Xây dựng, cùng 2 thành viên trong đoàn là: Đặng Hải Anh, chuyên viên Phòng Thanh tra xây dựng 2 và Nguyễn Thùy Linh, cán bộ Phòng Giám sát, kiểm tra và xử lý sau thanh tra, thuộc Thanh tra Bộ Xây dựng, để điều tra về hành vi nhận hối lộ.&nbsp;</p><p><br></p><p>Cùng ngày, Cơ quan Cảnh sát Điều tra, Công an tỉnh Vĩnh Phúc, đã ra quyết định khởi tố vụ án, khởi tố bị can, tạm giam 3 đối tượng nêu trên để điều tra về hành vi nhận hối lộ.&nbsp;</p><p><br></p><p>Như tin đã đưa, chiều 12/6, Công an Vĩnh Phúc đã tạm giữ Đoàn Thanh tra Bộ Xây dựng vì nghi vòi tiền, nhận hối lộ khi đang làm việc tại huyện Vĩnh Tường (Vĩnh Phúc). Số người bị tạm giữ ban đầu gồm 5 người.&nbsp;</p><p><br></p><p>Việc tạm giữ thành viên của Đoàn Thanh tra Bộ Xây dựng xuất phát từ tố cáo của nhiều doanh nghiệp, cá nhân trên địa bàn huyện Vĩnh Tường, cho rằng: Đoàn có hành vi lợi dụng nhiệm vụ thanh tra, ép các doanh nghiệp, chính quyền xã phải đưa tiền để được xem xét, tạo điều kiện thuận lợi trong quá trình thanh tra.&nbsp;</p><p><br></p><p>Việc thanh tra ở Vĩnh Tường liên quan đến nhiều dự án, công trình văn hóa, thể thao; công tác quy hoạch, một số khu đất đấu giá…&nbsp;</p><p><br></p><p>Liên quan đến vụ việc này, Thường trực Ban Chỉ đạo Trung ương về phòng, chống tham nhũng yêu cầu Đảng ủy Công an Trung ương chỉ đạo khẩn trương xác minh, điều tra làm rõ vụ việc để xử lý nghiêm theo quy định của pháp luật. Đây là vụ việc dư luận quan tâm, đòi hỏi các ngành chức năng nhanh chóng vào cuộc điều tra làm rõ, xử lý nghiêm minh…/.</p>',2,'2019-06-19 01:16:05',5,0,0);
/*!40000 ALTER TABLE `news` ENABLE KEYS */;
UNLOCK TABLES;

--
-- Table structure for table `news_tags`
--

DROP TABLE IF EXISTS `news_tags`;
/*!40101 SET @saved_cs_client     = @@character_set_client */;
 SET character_set_client = utf8mb4 ;
CREATE TABLE `news_tags` (
  `news_id` int(11) NOT NULL,
  `tag_id` int(11) NOT NULL,
  PRIMARY KEY (`news_id`,`tag_id`),
  KEY `news_tags_ibfk2` (`tag_id`),
  CONSTRAINT `news_tags_ibfk1` FOREIGN KEY (`news_id`) REFERENCES `news` (`id`),
  CONSTRAINT `news_tags_ibfk2` FOREIGN KEY (`tag_id`) REFERENCES `tags` (`id`)
) ENGINE=InnoDB DEFAULT CHARSET=utf8mb4 COLLATE=utf8mb4_0900_ai_ci;
/*!40101 SET character_set_client = @saved_cs_client */;

--
-- Dumping data for table `news_tags`
--

LOCK TABLES `news_tags` WRITE;
/*!40000 ALTER TABLE `news_tags` DISABLE KEYS */;
INSERT INTO `news_tags` VALUES (65,1),(66,1),(2,2),(4,2),(71,3),(74,3),(20,4),(22,4),(68,6),(65,7),(66,7),(67,7),(16,16),(23,16),(40,17),(44,17),(20,18),(19,20),(31,34),(33,34),(32,35),(32,36),(32,37),(33,38),(34,39),(35,40),(36,41),(37,41),(49,41),(51,41),(52,41),(58,41),(38,42),(50,42),(40,43),(41,43),(41,44),(42,45),(44,45),(45,46),(45,47),(76,47),(47,48),(48,48),(48,49),(50,50),(50,51),(51,52),(58,52),(53,53),(57,53),(53,54),(57,54),(53,55),(53,56),(54,57),(54,58),(55,59),(70,59),(72,59),(73,59),(55,60),(55,61),(56,62),(56,63),(57,64),(59,65),(60,66),(84,66),(60,67),(60,68),(61,69),(61,70),(61,71),(62,72),(62,73),(66,74),(67,75),(67,76),(70,77),(72,77),(73,77),(70,78),(72,78),(73,78),(70,79),(73,80),(74,81),(74,82),(76,83),(76,84),(77,85),(77,86),(79,87),(79,88),(81,89),(82,90),(82,91),(83,92);
/*!40000 ALTER TABLE `news_tags` ENABLE KEYS */;
UNLOCK TABLES;

--
-- Table structure for table `roles`
--

DROP TABLE IF EXISTS `roles`;
/*!40101 SET @saved_cs_client     = @@character_set_client */;
 SET character_set_client = utf8mb4 ;
CREATE TABLE `roles` (
  `id` int(11) NOT NULL AUTO_INCREMENT,
  `name` varchar(255) CHARACTER SET utf8 COLLATE utf8_general_ci DEFAULT NULL,
  PRIMARY KEY (`id`)
) ENGINE=InnoDB AUTO_INCREMENT=6 DEFAULT CHARSET=utf8mb4 COLLATE=utf8mb4_0900_ai_ci;
/*!40101 SET character_set_client = @saved_cs_client */;

--
-- Dumping data for table `roles`
--

LOCK TABLES `roles` WRITE;
/*!40000 ALTER TABLE `roles` DISABLE KEYS */;
INSERT INTO `roles` VALUES (1,'độc giả'),(2,'premium'),(3,'writer'),(4,'editor'),(5,'administrator');
/*!40000 ALTER TABLE `roles` ENABLE KEYS */;
UNLOCK TABLES;

--
-- Table structure for table `tags`
--

DROP TABLE IF EXISTS `tags`;
/*!40101 SET @saved_cs_client     = @@character_set_client */;
 SET character_set_client = utf8mb4 ;
CREATE TABLE `tags` (
  `id` int(11) NOT NULL AUTO_INCREMENT,
  `name` varchar(50) NOT NULL,
  PRIMARY KEY (`id`)
) ENGINE=InnoDB AUTO_INCREMENT=93 DEFAULT CHARSET=utf8mb4 COLLATE=utf8mb4_0900_ai_ci;
/*!40101 SET character_set_client = @saved_cs_client */;

--
-- Dumping data for table `tags`
--

LOCK TABLES `tags` WRITE;
/*!40000 ALTER TABLE `tags` DISABLE KEYS */;
INSERT INTO `tags` VALUES (1,'tai nạn'),(2,'tin tức'),(3,'thời tiết'),(4,'máy bay'),(5,'lừa đảo'),(6,'BOT'),(7,'ô tô'),(8,'cảng biển'),(9,'khánh hòa'),(10,'ninh thuận'),(11,'Phan Quân'),(12,'ma túy'),(13,'phim'),(14,'robot'),(15,'hoa hậu'),(16,'nga'),(17,'đức'),(18,'châu á'),(19,'thái bình dương'),(20,'trump'),(21,'triều tiên'),(22,'vũ khí hạt nhân'),(23,'thư ký'),(24,'australia'),(25,'check-in'),(26,'italia'),(27,'giải cứu'),(28,'trung quốc'),(29,'putin'),(30,'vietcombank'),(31,'ngân hàng'),(32,'chứng khoán'),(33,'start-up'),(34,'Vietnam Airline'),(35,'ẩm thực'),(36,'đặc sản'),(37,'sơn la'),(38,'vải thều'),(39,'bóng đá'),(40,'messi'),(41,'MU'),(42,'neymar'),(43,'kinh dị'),(44,'món ăn'),(45,'việc làm'),(46,'tuyển sinh'),(47,'đà nẵng'),(48,'park hang seo'),(49,'thái lan'),(50,'Barcelone'),(51,'PSG'),(52,'Pogba'),(53,'Brazil'),(54,'Venezuela'),(55,'soi kèo'),(56,'tỷ lệ cược'),(57,'neymarm barca'),(58,'chuyển nhượng'),(59,'nhật bản'),(60,'chile'),(61,'nam mỹ'),(62,'công phượng'),(63,'pháp'),(64,'copa america 2019'),(65,'Tại cuộc điện đàm ngày 18/6'),(66,'Đăk lăk'),(67,'công an'),(68,'báo chí'),(69,'Đoàn Ngọc Hải'),(70,'TP HCM'),(71,'nghỉ việc'),(72,'biến đổi khí hậu'),(73,'thủ tướng'),(74,'gãy chân'),(75,'de dọa CSGT'),(76,'quá tải'),(77,'động đất'),(78,'sóng thần'),(79,'thiên tai'),(80,'tàu cao tốc'),(81,'miền bắc'),(82,'miền trung'),(83,'thức ăn'),(84,'sán'),(85,'nha trang'),(86,'địa điểm du lịch'),(87,'tân hiệp phát'),(88,'chai nước 10000'),(89,'made in china'),(90,'ném đá'),(91,'xin tiền'),(92,'lê thẩm dương');
/*!40000 ALTER TABLE `tags` ENABLE KEYS */;
UNLOCK TABLES;

--
-- Table structure for table `users`
--

DROP TABLE IF EXISTS `users`;
/*!40101 SET @saved_cs_client     = @@character_set_client */;
 SET character_set_client = utf8mb4 ;
CREATE TABLE `users` (
  `id` int(11) NOT NULL AUTO_INCREMENT,
  `username` varchar(50) NOT NULL,
  `password` varchar(255) NOT NULL,
  `role_id` int(11) NOT NULL,
  `name` varchar(50) CHARACTER SET utf8 COLLATE utf8_general_ci NOT NULL,
  `phone_number` varchar(12) NOT NULL,
  `sex` tinyint(1) NOT NULL,
  `email` varchar(60) DEFAULT NULL,
  PRIMARY KEY (`id`),
  UNIQUE KEY `username` (`username`),
  UNIQUE KEY `email` (`email`),
  KEY `users_ibfk1` (`role_id`),
  CONSTRAINT `users_ibfk1` FOREIGN KEY (`role_id`) REFERENCES `roles` (`id`)
) ENGINE=InnoDB AUTO_INCREMENT=4 DEFAULT CHARSET=utf8mb4 COLLATE=utf8mb4_0900_ai_ci;
/*!40101 SET character_set_client = @saved_cs_client */;

--
-- Dumping data for table `users`
--

LOCK TABLES `users` WRITE;
/*!40000 ALTER TABLE `users` DISABLE KEYS */;
INSERT INTO `users` VALUES (1,'admin','$2a$10$azddV4KUdv/jSXmXREGxeudNzCv6B0AQAu.NMaNzRGy20fK4kQzMK',5,'Trần Quốc Hưng','',1,'tranquochung567@gmail.com'),(2,'writer','$2a$10$xMFubkI.5o7ABVfz85lnrOwH.z57I/Qby.FnoBw.tYdRkIrZmnEIq',3,'Phóng viên','',0,'writer@gmail.com'),(3,'editor','$2a$10$Gqrm5NW2sTNBjbcPpM6bKuvSarLcMMOT6Y0z4pQw0Ro/akDj5wDDa',4,'Biên tập viên','0163254694',1,'btv@gmail.com');
/*!40000 ALTER TABLE `users` ENABLE KEYS */;
UNLOCK TABLES;
/*!40103 SET TIME_ZONE=@OLD_TIME_ZONE */;

/*!40101 SET SQL_MODE=@OLD_SQL_MODE */;
/*!40014 SET FOREIGN_KEY_CHECKS=@OLD_FOREIGN_KEY_CHECKS */;
/*!40014 SET UNIQUE_CHECKS=@OLD_UNIQUE_CHECKS */;
/*!40101 SET CHARACTER_SET_CLIENT=@OLD_CHARACTER_SET_CLIENT */;
/*!40101 SET CHARACTER_SET_RESULTS=@OLD_CHARACTER_SET_RESULTS */;
/*!40101 SET COLLATION_CONNECTION=@OLD_COLLATION_CONNECTION */;
/*!40111 SET SQL_NOTES=@OLD_SQL_NOTES */;

-- Dump completed on 2019-06-19  9:13:38
